ID	i	j	LENGTH	TYPE	MODES	LANES	VDF	DATA1	DATA2	DATA3	VOLAX	F_fncti	F_length	F_nat	F_pabuss	F_reg	F_regbus	F_sabuss	F_skaft	F_skbuss	F_sobuss	F_temp	F_vabuss	geometry
7806-9450	7806	9450	8.6000004000000008	71	ijk	1.0000000000000000	0	0.0000000000000000	0.0000000000000000	0.0000000000000000	0.0000000000000000	0.0000000000000000	8.6000004000000008	0.0000000000000000	0.0000000000000000	0.0000000000000000	0.0000000000000000	0.0000000000000000	0.0000000000000000	0.0000000000000000	0.0000000000000000	0.0000000000000000	0.0000000000000000	LINESTRING(809.486023 7310.120117, 814.764038 7303.47998)
7828-9216	7828	9216	13.9699989999999996	71	ijk	1.0000000000000000	0	0.0000000000000000	0.0000000000000000	0.0000000000000000	0.0000000000000000	0.0000000000000000	13.9700000000000006	0.0000000000000000	0.0000000000000000	0.0000000000000000	0.0000000000000000	0.0000000000000000	0.0000000000000000	0.0000000000000000	0.0000000000000000	0.0000000000000000	0.0000000000000000	LINESTRING(816.89801 7340.77002, 808.153992 7331.97998)
9139-9451	9139	9451	15.3100000000000005	71	ijk	1.0000000000000000	0	0.0000000000000000	0.0000000000000000	0.0000000000000000	0.0000000000000000	0.0000000000000000	15.3100000000000005	0.0000000000000000	0.0000000000000000	0.0000000000000000	0.0000000000000000	0.0000000000000000	0.0000000000000000	0.0000000000000000	0.0000000000000000	0.0000000000000000	0.0000000000000000	LINESTRING(832.265991 7344.669922, 843.218018 7347.669922)
9216-7828	9216	7828	13.9699989999999996	71	ijk	1.0000000000000000	0	0.0000000000000000	0.0000000000000000	0.0000000000000000	0.0000000000000000	0.0000000000000000	13.9700000000000006	0.0000000000000000	0.0000000000000000	0.0000000000000000	0.0000000000000000	0.0000000000000000	0.0000000000000000	0.0000000000000000	0.0000000000000000	0.0000000000000000	0.0000000000000000	LINESTRING(808.153992 7331.97998, 816.89801 7340.77002)
9450-7806	9450	7806	8.6000004000000008	71	ijk	1.0000000000000000	0	0.0000000000000000	0.0000000000000000	0.0000000000000000	0.0000000000000000	0.0000000000000000	8.6000004000000008	0.0000000000000000	0.0000000000000000	0.0000000000000000	0.0000000000000000	0.0000000000000000	0.0000000000000000	0.0000000000000000	0.0000000000000000	0.0000000000000000	0.0000000000000000	LINESTRING(814.764038 7303.47998, 809.486023 7310.120117)
9451-9139	9451	9139	15.3100000000000005	71	ijk	1.0000000000000000	0	0.0000000000000000	0.0000000000000000	0.0000000000000000	0.0000000000000000	0.0000000000000000	15.3100000000000005	0.0000000000000000	0.0000000000000000	0.0000000000000000	0.0000000000000000	0.0000000000000000	0.0000000000000000	0.0000000000000000	0.0000000000000000	0.0000000000000000	0.0000000000000000	LINESTRING(843.218018 7347.669922, 832.265991 7344.669922)
203770-203772	203770	203772	0.9693706000000000	1	cbg	2.0000000000000000	64	0.0000000000000000	1.0000000000000000	1.0000000000000000	0.0000000000000000	0.0000000000000000	0.8100000000000001	0.0000000000000000	0.0000000000000000	0.0000000000000000	0.0000000000000000	0.0000000000000000	0.0000000000000000	0.0000000000000000	0.0000000000000000	0.0000000000000000	0.0000000000000000	LINESTRING(817.830994 7273.959961, 817.829529 7273.981934, 817.828918 7274.021973, 817.831482 7274.044434, 817.832092 7274.049805, 817.836914 7274.086914, 817.842773 7274.10791, 817.853577 7274.124512, 817.866394 7274.13916, 817.897095 7274.16748, 817.927979 7274.199219, 817.958313 7274.232422, 817.985474 7274.263672, 818.00293 7274.286621, 818.027222 7274.3125, 818.043518 7274.321777, 818.069092 7274.32666, 818.105408 7274.330078, 818.144104 7274.333008, 818.184387 7274.335938, 818.240112 7274.340332, 818.283386 7274.342285, 818.31073 7274.344727, 818.347778 7274.347168, 818.371521 7274.350098, 818.389587 7274.353027, 818.404053 7274.359863)
203772-203770	203772	203770	0.9693706000000000	1	cbg	2.0000000000000000	64	0.0000000000000000	1.0000000000000000	0.0000000000000000	0.0000000000000000	0.0000000000000000	0.8100000000000001	0.0000000000000000	0.0000000000000000	0.0000000000000000	0.0000000000000000	0.0000000000000000	0.0000000000000000	0.0000000000000000	0.0000000000000000	0.0000000000000000	0.0000000000000000	LINESTRING(818.404053 7274.359863, 818.389587 7274.353027, 818.371521 7274.350098, 818.347778 7274.347168, 818.31073 7274.344727, 818.283386 7274.342285, 818.240112 7274.340332, 818.184387 7274.335938, 818.144104 7274.333008, 818.105408 7274.330078, 818.069092 7274.32666, 818.043518 7274.321777, 818.027222 7274.3125, 818.00293 7274.286621, 817.985474 7274.263672, 817.958313 7274.232422, 817.927979 7274.199219, 817.897095 7274.16748, 817.866394 7274.13916, 817.853577 7274.124512, 817.842773 7274.10791, 817.836914 7274.086914, 817.832092 7274.049805, 817.831482 7274.044434, 817.828918 7274.021973, 817.829529 7273.981934, 817.830994 7273.959961)
203842-203858	203842	203858	1.0477240999999999	1	cbg	3.0000000000000000	41	0.0000000000000000	1.0000000000000000	1.0000000000000000	0.0000000000000000	0.0000000000000000	0.8700000000000000	0.0000000000000000	0.0000000000000000	0.0000000000000000	0.0000000000000000	0.0000000000000000	0.0000000000000000	0.0000000000000000	0.0000000000000000	0.0000000000000000	0.0000000000000000	LINESTRING(811.002014 7277.839844, 811.003479 7277.838379, 811.014587 7277.854004, 811.025574 7277.869629, 811.03302 7277.879883, 811.036499 7277.884766, 811.047424 7277.900879, 811.058289 7277.916504, 811.069214 7277.932129, 811.080078 7277.947266, 811.091125 7277.962891, 811.102112 7277.979004, 811.112915 7277.994629, 811.123779 7278.010254, 811.134705 7278.025879, 811.145508 7278.041504, 811.156372 7278.057617, 811.167297 7278.073242, 811.177979 7278.089355, 811.188904 7278.105469, 811.199707 7278.121582, 811.21051 7278.137695, 811.221191 7278.154297, 811.231873 7278.17041, 811.242676 7278.186523, 811.253418 7278.202637, 811.256775 7278.20752, 811.264099 7278.218262, 811.274719 7278.234375, 811.2854 7278.250488, 811.296021 7278.266113, 811.306519 7278.282227, 811.317017 7278.29834, 811.327576 7278.314453, 811.338196 7278.330566, 811.348877 7278.346191, 811.359619 7278.362305, 811.370422 7278.378418, 811.381104 7278.394531, 811.391785 7278.410645, 811.402588 7278.426758, 811.41333 7278.442871, 811.424072 7278.458984, 811.434875 7278.475098, 811.445679 7278.491699, 811.456482 7278.507813, 811.467285 7278.523926, 811.478027 7278.539551, 811.488708 7278.555664, 811.491028 7278.560059)
203858-203842	203858	203842	1.0477240999999999	1	cbg	3.0000000000000000	41	0.0000000000000000	1.0000000000000000	0.0000000000000000	0.0000000000000000	0.0000000000000000	0.8700000000000000	0.0000000000000000	0.0000000000000000	0.0000000000000000	0.0000000000000000	0.0000000000000000	0.0000000000000000	0.0000000000000000	0.0000000000000000	0.0000000000000000	0.0000000000000000	LINESTRING(811.491028 7278.560059, 811.488708 7278.555664, 811.478027 7278.539551, 811.467285 7278.523926, 811.456482 7278.507813, 811.445679 7278.491699, 811.434875 7278.475098, 811.424072 7278.458984, 811.41333 7278.442871, 811.402588 7278.426758, 811.391785 7278.410645, 811.381104 7278.394531, 811.370422 7278.378418, 811.359619 7278.362305, 811.348877 7278.346191, 811.338196 7278.330566, 811.327576 7278.314453, 811.317017 7278.29834, 811.306519 7278.282227, 811.296021 7278.266113, 811.2854 7278.250488, 811.274719 7278.234375, 811.264099 7278.218262, 811.256775 7278.20752, 811.253418 7278.202637, 811.242676 7278.186523, 811.231873 7278.17041, 811.221191 7278.154297, 811.21051 7278.137695, 811.199707 7278.121582, 811.188904 7278.105469, 811.177979 7278.089355, 811.167297 7278.073242, 811.156372 7278.057617, 811.145508 7278.041504, 811.134705 7278.025879, 811.123779 7278.010254, 811.112915 7277.994629, 811.102112 7277.979004, 811.091125 7277.962891, 811.080078 7277.947266, 811.069214 7277.932129, 811.058289 7277.916504, 811.047424 7277.900879, 811.036499 7277.884766, 811.03302 7277.879883, 811.025574 7277.869629, 811.014587 7277.854004, 811.003479 7277.838379, 811.002014 7277.839844)
204020-204029	204020	204029	1.3995165000000001	1	cbg	2.0000000000000000	68	0.0000000000000000	1.0000000000000000	1.0000000000000000	0.0000000000000000	0.0000000000000000	1.1699999999999999	0.0000000000000000	0.0000000000000000	0.0000000000000000	0.0000000000000000	0.0000000000000000	0.0000000000000000	0.0000000000000000	0.0000000000000000	0.0000000000000000	0.0000000000000000	LINESTRING(806.345947 7283.009766, 806.349609 7283.016113, 806.355591 7283.02832, 806.362183 7283.041504, 806.369324 7283.053711, 806.376892 7283.066406, 806.384827 7283.078613, 806.393372 7283.09082, 806.402405 7283.103027, 806.411682 7283.114258, 806.421387 7283.125, 806.43103 7283.13623, 806.441223 7283.146484, 806.451721 7283.156738, 806.463318 7283.166992, 806.474304 7283.17627, 806.486023 7283.185547, 806.497192 7283.194336, 806.508972 7283.203125, 806.521118 7283.211426, 806.533325 7283.219727, 806.54541 7283.228027, 806.557617 7283.236328, 806.569824 7283.244629, 806.582092 7283.251953, 806.594788 7283.259766, 806.607605 7283.266602, 806.615906 7283.270996, 806.620728 7283.273926, 806.633972 7283.279297, 806.647583 7283.284668, 806.661377 7283.290039, 806.67572 7283.294922, 806.68988 7283.298828, 806.704407 7283.303223, 806.718689 7283.308105, 806.733093 7283.312012, 806.747375 7283.316406, 806.761414 7283.320801, 806.775574 7283.325684, 806.789673 7283.329102, 806.803772 7283.333984, 806.817871 7283.338379, 806.83197 7283.343262, 806.843323 7283.34668, 806.846191 7283.347168, 806.860413 7283.351563, 806.866089 7283.353516, 806.87439 7283.356445, 806.888977 7283.360352, 806.903198 7283.365234, 806.91687 7283.369141, 806.930908 7283.373535, 806.94458 7283.37793, 806.957581 7283.382324, 806.984192 7283.389648, 806.996887 7283.394043, 807.00293 7283.395996, 807.009888 7283.397949, 807.0224 7283.401367, 807.034912 7283.405273, 807.044495 7283.407715, 807.047424 7283.408203, 807.059509 7283.412109, 807.071594 7283.415527, 807.083801 7283.419434, 807.108398 7283.424805, 807.132019 7283.426758, 807.143921 7283.427734, 807.145325 7283.427734, 807.155273 7283.429199, 807.178894 7283.430664, 807.190979 7283.431152, 807.193787 7283.431152, 807.20282 7283.431641, 807.214294 7283.430664, 807.226685 7283.429688, 807.238281 7283.428711, 807.250427 7283.428223, 807.262878 7283.427246, 807.275574 7283.425781, 807.288574 7283.424316, 807.30127 7283.421387, 807.314087 7283.418457, 807.316528 7283.417969, 807.326782 7283.415527, 807.339905 7283.411621, 807.365906 7283.402832, 807.370972 7283.399902)
204029-204020	204029	204020	1.3995165000000001	1	cbg	2.0000000000000000	68	0.0000000000000000	1.0000000000000000	0.0000000000000000	0.0000000000000000	0.0000000000000000	1.1699999999999999	0.0000000000000000	0.0000000000000000	0.0000000000000000	0.0000000000000000	0.0000000000000000	0.0000000000000000	0.0000000000000000	0.0000000000000000	0.0000000000000000	0.0000000000000000	LINESTRING(807.370972 7283.399902, 807.365906 7283.402832, 807.339905 7283.411621, 807.326782 7283.415527, 807.316528 7283.417969, 807.314087 7283.418457, 807.30127 7283.421387, 807.288574 7283.424316, 807.275574 7283.425781, 807.262878 7283.427246, 807.250427 7283.428223, 807.238281 7283.428711, 807.226685 7283.429688, 807.214294 7283.430664, 807.20282 7283.431641, 807.193787 7283.431152, 807.190979 7283.431152, 807.178894 7283.430664, 807.155273 7283.429199, 807.145325 7283.427734, 807.143921 7283.427734, 807.132019 7283.426758, 807.108398 7283.424805, 807.083801 7283.419434, 807.071594 7283.415527, 807.059509 7283.412109, 807.047424 7283.408203, 807.044495 7283.407715, 807.034912 7283.405273, 807.0224 7283.401367, 807.009888 7283.397949, 807.00293 7283.395996, 806.996887 7283.394043, 806.984192 7283.389648, 806.957581 7283.382324, 806.94458 7283.37793, 806.930908 7283.373535, 806.91687 7283.369141, 806.903198 7283.365234, 806.888977 7283.360352, 806.87439 7283.356445, 806.866089 7283.353516, 806.860413 7283.351563, 806.846191 7283.347168, 806.843323 7283.34668, 806.83197 7283.343262, 806.817871 7283.338379, 806.803772 7283.333984, 806.789673 7283.329102, 806.775574 7283.325684, 806.761414 7283.320801, 806.747375 7283.316406, 806.733093 7283.312012, 806.718689 7283.308105, 806.704407 7283.303223, 806.68988 7283.298828, 806.67572 7283.294922, 806.661377 7283.290039, 806.647583 7283.284668, 806.633972 7283.279297, 806.620728 7283.273926, 806.615906 7283.270996, 806.607605 7283.266602, 806.594788 7283.259766, 806.582092 7283.251953, 806.569824 7283.244629, 806.557617 7283.236328, 806.54541 7283.228027, 806.533325 7283.219727, 806.521118 7283.211426, 806.508972 7283.203125, 806.497192 7283.194336, 806.486023 7283.185547, 806.474304 7283.17627, 806.463318 7283.166992, 806.451721 7283.156738, 806.441223 7283.146484, 806.43103 7283.13623, 806.421387 7283.125, 806.411682 7283.114258, 806.402405 7283.103027, 806.393372 7283.09082, 806.384827 7283.078613, 806.376892 7283.066406, 806.369324 7283.053711, 806.362183 7283.041504, 806.355591 7283.02832, 806.349609 7283.016113, 806.345947 7283.009766)
204258-204280	204258	204280	0.4886472000000000	1	cbg	2.0000000000000000	64	0.0000000000000000	1.0000000000000000	1.0000000000000000	0.0010066000000000	0.0000000000000000	0.4100000000000000	0.0000000000000000	0.0000000000000000	0.0000000000000000	0.0000000000000000	0.0000000000000000	0.0000000000000000	0.0000000000000000	0.0000000000000000	0.0000000000000000	0.0000000000000000	LINESTRING(795.14093 7291.929688, 795.140808 7291.927734, 795.133484 7291.954102, 795.116089 7291.998047, 795.101318 7292.037109, 795.091309 7292.063965, 795.085571 7292.080078, 795.080383 7292.097168, 795.078613 7292.109863, 795.078125 7292.121582, 795.077881 7292.133301, 795.07843 7292.141602, 795.080627 7292.170898, 795.081177 7292.192383, 795.081787 7292.202637, 795.082275 7292.226563, 795.081726 7292.251953, 795.078674 7292.276367, 795.070374 7292.304688, 795.065002 7292.319824)
204280-204258	204280	204258	0.4886472000000000	1	cbg	2.0000000000000000	64	0.0000000000000000	1.0000000000000000	0.0000000000000000	0.0000000000000000	0.0000000000000000	0.4100000000000000	0.0000000000000000	0.0000000000000000	0.0000000000000000	0.0000000000000000	0.0000000000000000	0.0000000000000000	0.0000000000000000	0.0000000000000000	0.0000000000000000	0.0000000000000000	LINESTRING(795.065002 7292.319824, 795.070374 7292.304688, 795.078674 7292.276367, 795.081726 7292.251953, 795.082275 7292.226563, 795.081787 7292.202637, 795.081177 7292.192383, 795.080627 7292.170898, 795.07843 7292.141602, 795.077881 7292.133301, 795.078125 7292.121582, 795.078613 7292.109863, 795.080383 7292.097168, 795.085571 7292.080078, 795.091309 7292.063965, 795.101318 7292.037109, 795.116089 7291.998047, 795.133484 7291.954102, 795.140808 7291.927734, 795.14093 7291.929688)
204344-204350	204344	204350	0.9421349000000000	1	cbg	2.0000000000000000	54	0.0000000000000000	1.0000000000000000	1.0000000000000000	0.0000000000000000	0.0000000000000000	0.7800000000000000	0.0000000000000000	0.0000000000000000	0.0000000000000000	0.0000000000000000	0.0000000000000000	0.0000000000000000	0.0000000000000000	0.0000000000000000	0.0000000000000000	0.0000000000000000	LINESTRING(793.462036 7293.879883, 793.422302 7293.899414, 793.366211 7293.918945, 793.31781 7293.934082, 793.28363 7293.941895, 793.22113 7293.956055, 793.164124 7293.965332, 793.119873 7293.971191, 793.062622 7293.976563, 793.015625 7293.978027, 792.926575 7293.979004, 792.773926 7293.980957, 792.690979 7293.97998)
204350-204344	204350	204344	0.9421349000000000	1	cbg	2.0000000000000000	54	0.0000000000000000	1.0000000000000000	0.0000000000000000	0.0000000000000000	0.0000000000000000	0.7800000000000000	0.0000000000000000	0.0000000000000000	0.0000000000000000	0.0000000000000000	0.0000000000000000	0.0000000000000000	0.0000000000000000	0.0000000000000000	0.0000000000000000	0.0000000000000000	LINESTRING(792.690979 7293.97998, 792.773926 7293.980957, 792.926575 7293.979004, 793.015625 7293.978027, 793.062622 7293.976563, 793.119873 7293.971191, 793.164124 7293.965332, 793.22113 7293.956055, 793.28363 7293.941895, 793.31781 7293.934082, 793.366211 7293.918945, 793.422302 7293.899414, 793.462036 7293.879883)
204350-204383	204350	204383	1.2515556000000001	1	cbg	2.0000000000000000	64	0.0000000000000000	1.0000000000000000	1.0000000000000000	0.0000000000000000	0.0000000000000000	1.0400000000000000	0.0000000000000000	0.0000000000000000	0.0000000000000000	0.0000000000000000	0.0000000000000000	0.0000000000000000	0.0000000000000000	0.0000000000000000	0.0000000000000000	0.0000000000000000	LINESTRING(792.690979 7293.97998, 792.6922 7293.996582, 792.693481 7294.001465, 792.695984 7294.01123, 792.701721 7294.024902, 792.722412 7294.068359, 792.75293 7294.136719, 792.778015 7294.193359, 792.798706 7294.233887, 792.823181 7294.271484, 792.869507 7294.338379, 792.878296 7294.353027, 792.88562 7294.365723, 792.889709 7294.373535, 792.892578 7294.380859, 792.894287 7294.387695, 792.895813 7294.397949, 792.897522 7294.412109, 792.89801 7294.444336, 792.89801 7294.472656, 792.898193 7294.497559, 792.898315 7294.511719, 792.90033 7294.527344, 792.901306 7294.535156, 792.90387 7294.544434, 792.90979 7294.550781, 792.914612 7294.557617, 792.91803 7294.560059, 792.924316 7294.564453, 792.931519 7294.566895, 792.941772 7294.571289, 792.94928 7294.574219, 792.961426 7294.577148, 792.973206 7294.581055, 792.985107 7294.584473, 793.041199 7294.600586, 793.096985 7294.617187, 793.139404 7294.629883, 793.164917 7294.635742, 793.17157 7294.637695, 793.1828 7294.638184, 793.193298 7294.63916, 793.203186 7294.639648, 793.246521 7294.641113, 793.260681 7294.641602, 793.297791 7294.642578, 793.310974 7294.640137)
204383-204350	204383	204350	1.2515556000000001	1	cbg	2.0000000000000000	64	0.0000000000000000	1.0000000000000000	0.0000000000000000	0.0000000000000000	0.0000000000000000	1.0400000000000000	0.0000000000000000	0.0000000000000000	0.0000000000000000	0.0000000000000000	0.0000000000000000	0.0000000000000000	0.0000000000000000	0.0000000000000000	0.0000000000000000	0.0000000000000000	LINESTRING(793.310974 7294.640137, 793.297791 7294.642578, 793.260681 7294.641602, 793.246521 7294.641113, 793.203186 7294.639648, 793.193298 7294.63916, 793.1828 7294.638184, 793.17157 7294.637695, 793.164917 7294.635742, 793.139404 7294.629883, 793.096985 7294.617187, 793.041199 7294.600586, 792.985107 7294.584473, 792.973206 7294.581055, 792.961426 7294.577148, 792.94928 7294.574219, 792.941772 7294.571289, 792.931519 7294.566895, 792.924316 7294.564453, 792.91803 7294.560059, 792.914612 7294.557617, 792.90979 7294.550781, 792.90387 7294.544434, 792.901306 7294.535156, 792.90033 7294.527344, 792.898315 7294.511719, 792.898193 7294.497559, 792.89801 7294.472656, 792.89801 7294.444336, 792.897522 7294.412109, 792.895813 7294.397949, 792.894287 7294.387695, 792.892578 7294.380859, 792.889709 7294.373535, 792.88562 7294.365723, 792.878296 7294.353027, 792.869507 7294.338379, 792.823181 7294.271484, 792.798706 7294.233887, 792.778015 7294.193359, 792.75293 7294.136719, 792.722412 7294.068359, 792.701721 7294.024902, 792.695984 7294.01123, 792.693481 7294.001465, 792.6922 7293.996582, 792.690979 7293.97998)
204616-204728	204616	204728	7.6675572000000001	1	cbg	2.0000000000000000	56	0.0000000000000000	1.0000000000000000	1.0000000000000000	0.0000000000000000	0.0000000000000000	6.3899999000000003	0.0000000000000000	0.0000000000000000	0.0000000000000000	0.0000000000000000	0.0000000000000000	0.0000000000000000	0.0000000000000000	0.0000000000000000	0.0000000000000000	0.0000000000000000	LINESTRING(805.614014 7299.399902, 805.604004 7299.41748, 805.583923 7299.455566, 805.528687 7299.561523, 805.484009 7299.649414, 805.451477 7299.711426, 805.435303 7299.741699, 805.427429 7299.754883, 805.421021 7299.76416, 805.415894 7299.772461, 805.398499 7299.798828, 805.375488 7299.830566, 805.364075 7299.847168, 805.343079 7299.874023, 805.319519 7299.901367, 805.294189 7299.929199, 805.267273 7299.958008, 805.225586 7299.99707, 805.174927 7300.046875, 805.151428 7300.067871, 805.09552 7300.121094, 805.040527 7300.174316, 805.016174 7300.199707, 805.003418 7300.213867, 804.985107 7300.234863, 804.962708 7300.263184, 804.948181 7300.281738, 804.938599 7300.294434, 804.920288 7300.320801, 804.899719 7300.351563, 804.880676 7300.382813, 804.85321 7300.43457, 804.828003 7300.489258, 804.808472 7300.538086, 804.789673 7300.588867, 804.764709 7300.657227, 804.74408 7300.712402, 804.718628 7300.782227, 804.692871 7300.852539, 804.665405 7300.927734, 804.633789 7301.01416, 804.617371 7301.058594, 804.583923 7301.149414, 804.568298 7301.189453, 804.542908 7301.26123, 804.521606 7301.318848, 804.498901 7301.379883, 804.489502 7301.405273, 804.464294 7301.474121, 804.462402 7301.479492, 804.449707 7301.515137, 804.412292 7301.615234, 804.392517 7301.669434, 804.370728 7301.728516, 804.343201 7301.803711, 804.322876 7301.859375, 804.299927 7301.921875, 804.278625 7301.979492, 804.252319 7302.050781, 804.232727 7302.10498, 804.208679 7302.169922, 804.192688 7302.212402, 804.166504 7302.283691, 804.141174 7302.351074, 804.120422 7302.408203, 804.087219 7302.498535, 804.071106 7302.543457, 804.001404 7302.73291, 803.983582 7302.780762, 803.968689 7302.821289, 803.947021 7302.875, 803.935425 7302.900391, 803.919189 7302.934082, 803.902771 7302.965332, 803.888611 7302.990234, 803.873474 7303.015137, 803.858704 7303.038574, 803.843384 7303.060547, 803.834106 7303.07373, 803.826294 7303.083984, 803.797302 7303.12207, 803.731506 7303.206543, 803.698486 7303.24707, 803.668091 7303.286133, 803.664673 7303.291016, 803.643921 7303.317383, 803.593079 7303.381348, 803.512573 7303.483398, 803.468506 7303.539063, 803.300415 7303.75, 803.258179 7303.804199, 803.203918 7303.872559, 803.150818 7303.94043, 803.107178 7303.995117, 803.017883 7304.108887, 802.972412 7304.166016, 802.928711 7304.221191, 802.883179 7304.278809, 802.854187 7304.315918, 802.799316 7304.384766, 802.749084 7304.447754, 802.658325 7304.564453, 802.632019 7304.599609, 802.622925 7304.612793, 802.601624 7304.646484, 802.575806 7304.692383, 802.56543 7304.712891, 802.555115 7304.734863, 802.545471 7304.757324, 802.53717 7304.778809, 802.529297 7304.800781, 802.522888 7304.819336, 802.516113 7304.842773, 802.51062 7304.863281, 802.505127 7304.885742, 802.505005 7304.889648)
204694-204705	204694	204705	1.2888459999999999	1	cbg	2.0000000000000000	60	0.0000000000000000	1.0000000000000000	1.0000000000000000	0.0000000000000000	0.0000000000000000	1.0700000999999999	0.0000000000000000	0.0000000000000000	0.0000000000000000	0.0000000000000000	0.0000000000000000	0.0000000000000000	0.0000000000000000	0.0000000000000000	0.0000000000000000	0.0000000000000000	LINESTRING(810.995056 7302.549805, 810.964722 7302.602051, 810.943604 7302.638184, 810.922424 7302.668457, 810.898376 7302.702148, 810.878174 7302.727539, 810.865601 7302.743164, 810.836487 7302.780762, 810.806702 7302.817383, 810.760681 7302.874023, 810.721985 7302.921875, 810.699829 7302.950684, 810.67981 7302.975586, 810.646912 7303.016602, 810.605103 7303.067383, 810.578918 7303.100098, 810.559998 7303.123047, 810.532227 7303.158691, 810.518799 7303.177734, 810.498413 7303.210449, 810.479004 7303.240723, 810.445129 7303.295898, 810.423401 7303.330566, 810.407227 7303.35791, 810.371826 7303.413574, 810.368958 7303.419922)
204705-204694	204705	204694	1.2888459999999999	1	cbg	2.0000000000000000	60	0.0000000000000000	1.0000000000000000	0.0000000000000000	0.0000000000000000	0.0000000000000000	1.0700000999999999	0.0000000000000000	0.0000000000000000	0.0000000000000000	0.0000000000000000	0.0000000000000000	0.0000000000000000	0.0000000000000000	0.0000000000000000	0.0000000000000000	0.0000000000000000	LINESTRING(810.368958 7303.419922, 810.371826 7303.413574, 810.407227 7303.35791, 810.423401 7303.330566, 810.445129 7303.295898, 810.479004 7303.240723, 810.498413 7303.210449, 810.518799 7303.177734, 810.532227 7303.158691, 810.559998 7303.123047, 810.578918 7303.100098, 810.605103 7303.067383, 810.646912 7303.016602, 810.67981 7302.975586, 810.699829 7302.950684, 810.721985 7302.921875, 810.760681 7302.874023, 810.806702 7302.817383, 810.836487 7302.780762, 810.865601 7302.743164, 810.878174 7302.727539, 810.898376 7302.702148, 810.922424 7302.668457, 810.943604 7302.638184, 810.964722 7302.602051, 810.995056 7302.549805)
204728-204616	204728	204616	7.6675572000000001	1	cbg	2.0000000000000000	56	0.0000000000000000	1.0000000000000000	0.0000000000000000	0.0000000000000000	0.0000000000000000	6.3899999000000003	0.0000000000000000	0.0000000000000000	0.0000000000000000	0.0000000000000000	0.0000000000000000	0.0000000000000000	0.0000000000000000	0.0000000000000000	0.0000000000000000	0.0000000000000000	LINESTRING(802.505005 7304.889648, 802.505127 7304.885742, 802.51062 7304.863281, 802.516113 7304.842773, 802.522888 7304.819336, 802.529297 7304.800781, 802.53717 7304.778809, 802.545471 7304.757324, 802.555115 7304.734863, 802.56543 7304.712891, 802.575806 7304.692383, 802.601624 7304.646484, 802.622925 7304.612793, 802.632019 7304.599609, 802.658325 7304.564453, 802.749084 7304.447754, 802.799316 7304.384766, 802.854187 7304.315918, 802.883179 7304.278809, 802.928711 7304.221191, 802.972412 7304.166016, 803.017883 7304.108887, 803.107178 7303.995117, 803.150818 7303.94043, 803.203918 7303.872559, 803.258179 7303.804199, 803.300415 7303.75, 803.468506 7303.539063, 803.512573 7303.483398, 803.593079 7303.381348, 803.643921 7303.317383, 803.664673 7303.291016, 803.668091 7303.286133, 803.698486 7303.24707, 803.731506 7303.206543, 803.797302 7303.12207, 803.826294 7303.083984, 803.834106 7303.07373, 803.843384 7303.060547, 803.858704 7303.038574, 803.873474 7303.015137, 803.888611 7302.990234, 803.902771 7302.965332, 803.919189 7302.934082, 803.935425 7302.900391, 803.947021 7302.875, 803.968689 7302.821289, 803.983582 7302.780762, 804.001404 7302.73291, 804.071106 7302.543457, 804.087219 7302.498535, 804.120422 7302.408203, 804.141174 7302.351074, 804.166504 7302.283691, 804.192688 7302.212402, 804.208679 7302.169922, 804.232727 7302.10498, 804.252319 7302.050781, 804.278625 7301.979492, 804.299927 7301.921875, 804.322876 7301.859375, 804.343201 7301.803711, 804.370728 7301.728516, 804.392517 7301.669434, 804.412292 7301.615234, 804.449707 7301.515137, 804.462402 7301.479492, 804.464294 7301.474121, 804.489502 7301.405273, 804.498901 7301.379883, 804.521606 7301.318848, 804.542908 7301.26123, 804.568298 7301.189453, 804.583923 7301.149414, 804.617371 7301.058594, 804.633789 7301.01416, 804.665405 7300.927734, 804.692871 7300.852539, 804.718628 7300.782227, 804.74408 7300.712402, 804.764709 7300.657227, 804.789673 7300.588867, 804.808472 7300.538086, 804.828003 7300.489258, 804.85321 7300.43457, 804.880676 7300.382813, 804.899719 7300.351563, 804.920288 7300.320801, 804.938599 7300.294434, 804.948181 7300.281738, 804.962708 7300.263184, 804.985107 7300.234863, 805.003418 7300.213867, 805.016174 7300.199707, 805.040527 7300.174316, 805.09552 7300.121094, 805.151428 7300.067871, 805.174927 7300.046875, 805.225586 7299.99707, 805.267273 7299.958008, 805.294189 7299.929199, 805.319519 7299.901367, 805.343079 7299.874023, 805.364075 7299.847168, 805.375488 7299.830566, 805.398499 7299.798828, 805.415894 7299.772461, 805.421021 7299.76416, 805.427429 7299.754883, 805.435303 7299.741699, 805.451477 7299.711426, 805.484009 7299.649414, 805.528687 7299.561523, 805.583923 7299.455566, 805.604004 7299.41748, 805.614014 7299.399902)
204731-204786	204731	204786	3.9114840000000002	1	cbg	2.0000000000000000	53	0.0000000000000000	1.0000000000000000	1.0000000000000000	0.0000000000000000	0.0000000000000000	3.2599999999999998	0.0000000000000000	0.0000000000000000	0.0000000000000000	0.0000000000000000	0.0000000000000000	0.0000000000000000	0.0000000000000000	0.0000000000000000	0.0000000000000000	0.0000000000000000	LINESTRING(811.677002 7304.959961, 811.674194 7304.96582, 811.643982 7305.00293, 811.605591 7305.05127, 811.564087 7305.102539, 811.541504 7305.130859, 811.49823 7305.183594, 811.466919 7305.22168, 811.405701 7305.297363, 811.335999 7305.384766, 811.310486 7305.416992, 811.286682 7305.446289, 811.272217 7305.464844, 811.268616 7305.469238, 811.233215 7305.515625, 811.201416 7305.559082, 811.166992 7305.606445, 811.101501 7305.699219, 811.079529 7305.731445, 810.997009 7305.851563, 810.956909 7305.908691, 810.954895 7305.911621, 810.952698 7305.915039, 810.94873 7305.920898, 810.922119 7305.958496, 810.890625 7306.000977, 810.886292 7306.006836, 810.87207 7306.024414, 810.861206 7306.038086, 810.796021 7306.116699, 810.768616 7306.149902, 810.761719 7306.158691, 810.727112 7306.200195, 810.675476 7306.262695, 810.590576 7306.366211, 810.513123 7306.460938, 810.493896 7306.484375, 810.4646 7306.520996, 810.442078 7306.550781, 810.422424 7306.578613, 810.406799 7306.603516, 810.393494 7306.624512, 810.372986 7306.661133, 810.364685 7306.677246, 810.349792 7306.70752, 810.3396 7306.72998, 810.328308 7306.756836, 810.322327 7306.771484, 810.315613 7306.789551, 810.309998 7306.805664, 810.299072 7306.840332, 810.288574 7306.875488, 810.286621 7306.883301, 810.284729 7306.890137, 810.275085 7306.92627, 810.273315 7306.933105, 810.27063 7306.944336, 810.241882 7307.051758, 810.228577 7307.103027, 810.193909 7307.236816, 810.183777 7307.275391, 810.17627 7307.302734, 810.153992 7307.389648, 810.148926 7307.40918, 810.139526 7307.444336, 810.129578 7307.478516, 810.118774 7307.511719, 810.106873 7307.546387, 810.080688 7307.612305, 810.053406 7307.677734, 810.038696 7307.711426, 810.035034 7307.720215)
204786-204731	204786	204731	3.9114840000000002	1	cbg	2.0000000000000000	53	0.0000000000000000	1.0000000000000000	0.0000000000000000	0.0000000000000000	0.0000000000000000	3.2599999999999998	0.0000000000000000	0.0000000000000000	0.0000000000000000	0.0000000000000000	0.0000000000000000	0.0000000000000000	0.0000000000000000	0.0000000000000000	0.0000000000000000	0.0000000000000000	LINESTRING(810.035034 7307.720215, 810.038696 7307.711426, 810.053406 7307.677734, 810.080688 7307.612305, 810.106873 7307.546387, 810.118774 7307.511719, 810.129578 7307.478516, 810.139526 7307.444336, 810.148926 7307.40918, 810.153992 7307.389648, 810.17627 7307.302734, 810.183777 7307.275391, 810.193909 7307.236816, 810.228577 7307.103027, 810.241882 7307.051758, 810.27063 7306.944336, 810.273315 7306.933105, 810.275085 7306.92627, 810.284729 7306.890137, 810.286621 7306.883301, 810.288574 7306.875488, 810.299072 7306.840332, 810.309998 7306.805664, 810.315613 7306.789551, 810.322327 7306.771484, 810.328308 7306.756836, 810.3396 7306.72998, 810.349792 7306.70752, 810.364685 7306.677246, 810.372986 7306.661133, 810.393494 7306.624512, 810.406799 7306.603516, 810.422424 7306.578613, 810.442078 7306.550781, 810.4646 7306.520996, 810.493896 7306.484375, 810.513123 7306.460938, 810.590576 7306.366211, 810.675476 7306.262695, 810.727112 7306.200195, 810.761719 7306.158691, 810.768616 7306.149902, 810.796021 7306.116699, 810.861206 7306.038086, 810.87207 7306.024414, 810.886292 7306.006836, 810.890625 7306.000977, 810.922119 7305.958496, 810.94873 7305.920898, 810.952698 7305.915039, 810.954895 7305.911621, 810.956909 7305.908691, 810.997009 7305.851563, 811.079529 7305.731445, 811.101501 7305.699219, 811.166992 7305.606445, 811.201416 7305.559082, 811.233215 7305.515625, 811.268616 7305.469238, 811.272217 7305.464844, 811.286682 7305.446289, 811.310486 7305.416992, 811.335999 7305.384766, 811.405701 7305.297363, 811.466919 7305.22168, 811.49823 7305.183594, 811.541504 7305.130859, 811.564087 7305.102539, 811.605591 7305.05127, 811.643982 7305.00293, 811.674194 7304.96582, 811.677002 7304.959961)
205043-205086	205043	205086	1.8613046000000000	1	cbg	2.0000000000000000	64	0.0000000000000000	1.0000000000000000	1.0000000000000000	0.0000000000000000	0.0000000000000000	1.5400000000000000	0.0000000000000000	0.0000000000000000	0.0000000000000000	0.0000000000000000	0.0000000000000000	0.0000000000000000	0.0000000000000000	0.0000000000000000	0.0000000000000000	0.0000000000000000	LINESTRING(815.171997 7315.30957, 815.169312 7315.315918, 815.163574 7315.322266, 815.077271 7315.416504, 814.971985 7315.530273, 814.960815 7315.543945, 814.952393 7315.553223, 814.943115 7315.562012, 814.928589 7315.575195, 814.90448 7315.592773, 814.855225 7315.626953, 814.829102 7315.641602, 814.781189 7315.666504, 814.765503 7315.673828, 814.711182 7315.699219, 814.618774 7315.743164, 814.5047 7315.79834, 814.454407 7315.822266, 814.436707 7315.828613, 814.423706 7315.830566, 814.409424 7315.831055, 814.373718 7315.82959, 814.339478 7315.828125, 814.313171 7315.827148, 814.297302 7315.828613, 814.286072 7315.830078, 814.277893 7315.83252, 814.257324 7315.839355, 814.229919 7315.852539, 814.163696 7315.883789, 814.072998 7315.924805, 814.016479 7315.94873, 813.999084 7315.958008, 813.97699 7315.968262, 813.972778 7315.970703, 813.946472 7315.98877, 813.91272 7316.015625, 813.864014 7316.060059)
205086-205043	205086	205043	1.8613046000000000	1	cbg	2.0000000000000000	64	0.0000000000000000	1.0000000000000000	0.0000000000000000	0.0000000000000000	0.0000000000000000	1.5400000000000000	0.0000000000000000	0.0000000000000000	0.0000000000000000	0.0000000000000000	0.0000000000000000	0.0000000000000000	0.0000000000000000	0.0000000000000000	0.0000000000000000	0.0000000000000000	LINESTRING(813.864014 7316.060059, 813.91272 7316.015625, 813.946472 7315.98877, 813.972778 7315.970703, 813.97699 7315.968262, 813.999084 7315.958008, 814.016479 7315.94873, 814.072998 7315.924805, 814.163696 7315.883789, 814.229919 7315.852539, 814.257324 7315.839355, 814.277893 7315.83252, 814.286072 7315.830078, 814.297302 7315.828613, 814.313171 7315.827148, 814.339478 7315.828125, 814.373718 7315.82959, 814.409424 7315.831055, 814.423706 7315.830566, 814.436707 7315.828613, 814.454407 7315.822266, 814.5047 7315.79834, 814.618774 7315.743164, 814.711182 7315.699219, 814.765503 7315.673828, 814.781189 7315.666504, 814.829102 7315.641602, 814.855225 7315.626953, 814.90448 7315.592773, 814.928589 7315.575195, 814.943115 7315.562012, 814.952393 7315.553223, 814.960815 7315.543945, 814.971985 7315.530273, 815.077271 7315.416504, 815.163574 7315.322266, 815.169312 7315.315918, 815.171997 7315.30957)
205173-205216	205173	205216	2.2985894999999998	1	cbg	2.0000000000000000	64	0.0000000000000000	1.0000000000000000	1.0000000000000000	0.0000000000000000	0.0000000000000000	1.9199999999999999	0.0000000000000000	0.0000000000000000	0.0000000000000000	0.0000000000000000	0.0000000000000000	0.0000000000000000	0.0000000000000000	0.0000000000000000	0.0000000000000000	0.0000000000000000	LINESTRING(818.098022 7317.080078, 818.063599 7317.100586, 817.97467 7317.156738, 817.928101 7317.187012, 817.888306 7317.212891, 817.844604 7317.239746, 817.775208 7317.285645, 817.715393 7317.323242, 817.689697 7317.340332, 817.661377 7317.359863, 817.62738 7317.38623, 817.622925 7317.390137, 817.589478 7317.421387, 817.557373 7317.449707, 817.517273 7317.48584, 817.444702 7317.551758, 817.420471 7317.572754, 817.396606 7317.595703, 817.374207 7317.615723, 817.351929 7317.63916, 817.326111 7317.666016, 817.304321 7317.689453, 817.282288 7317.715332, 817.270996 7317.728027, 817.25061 7317.750977, 817.23053 7317.775391, 817.211304 7317.797363, 817.185486 7317.827148, 817.138123 7317.883301, 817.128418 7317.894531, 817.103699 7317.922852, 817.085388 7317.944824, 817.068115 7317.964844, 817.052185 7317.983887, 817.038086 7318, 817.031799 7318.006836, 817.013611 7318.02832, 816.972107 7318.076172, 816.956604 7318.094727, 816.936096 7318.117676, 816.930786 7318.123535, 816.909607 7318.149414, 816.908691 7318.150391, 816.900024 7318.160156, 816.876526 7318.186523, 816.851685 7318.21582, 816.815186 7318.259277, 816.788513 7318.289551, 816.769775 7318.313477, 816.748779 7318.336914, 816.734009 7318.354492, 816.723022 7318.367188, 816.710999 7318.379883)
205179-205197	205179	205197	1.0544541999999999	1	cbg	2.0000000000000000	64	0.0000000000000000	1.0000000000000000	1.0000000000000000	0.0044661000000000	0.0000000000000000	0.8800000000000000	0.0000000000000000	0.0000000000000000	0.0000000000000000	0.0000000000000000	0.0000000000000000	0.0000000000000000	0.0000000000000000	0.0000000000000000	0.0000000000000000	0.0000000000000000	LINESTRING(819.574036 7317.299805, 819.568115 7317.313477, 819.557129 7317.326172, 819.54303 7317.342285, 819.522705 7317.366211, 819.486694 7317.408691, 819.468872 7317.427734, 819.450317 7317.446289, 819.435486 7317.459473, 819.4151 7317.476074, 819.392395 7317.491699, 819.38031 7317.499023, 819.362427 7317.508301, 819.346313 7317.51709, 819.326416 7317.527344, 819.313721 7317.535156, 819.303528 7317.54248, 819.285828 7317.558594, 819.276794 7317.569336, 819.267578 7317.580566, 819.254272 7317.598633, 819.236877 7317.624512, 819.208313 7317.671875, 819.195618 7317.693848, 819.185608 7317.712402, 819.157898 7317.769531, 819.147705 7317.787109, 819.140076 7317.798828, 819.133423 7317.807129, 819.125977 7317.814941, 819.116211 7317.82373, 819.105774 7317.831543, 819.094604 7317.838867, 819.088013 7317.843262, 819.080383 7317.847656, 819.02417 7317.881836, 818.970032 7317.909668)
205197-205179	205197	205179	1.0544541999999999	1	cbg	2.0000000000000000	64	0.0000000000000000	1.0000000000000000	0.0000000000000000	0.0046121000000000	0.0000000000000000	0.8800000000000000	0.0000000000000000	0.0000000000000000	0.0000000000000000	0.0000000000000000	0.0000000000000000	0.0000000000000000	0.0000000000000000	0.0000000000000000	0.0000000000000000	0.0000000000000000	LINESTRING(818.970032 7317.909668, 819.02417 7317.881836, 819.080383 7317.847656, 819.088013 7317.843262, 819.094604 7317.838867, 819.105774 7317.831543, 819.116211 7317.82373, 819.125977 7317.814941, 819.133423 7317.807129, 819.140076 7317.798828, 819.147705 7317.787109, 819.157898 7317.769531, 819.185608 7317.712402, 819.195618 7317.693848, 819.208313 7317.671875, 819.236877 7317.624512, 819.254272 7317.598633, 819.267578 7317.580566, 819.276794 7317.569336, 819.285828 7317.558594, 819.303528 7317.54248, 819.313721 7317.535156, 819.326416 7317.527344, 819.346313 7317.51709, 819.362427 7317.508301, 819.38031 7317.499023, 819.392395 7317.491699, 819.4151 7317.476074, 819.435486 7317.459473, 819.450317 7317.446289, 819.468872 7317.427734, 819.486694 7317.408691, 819.522705 7317.366211, 819.54303 7317.342285, 819.557129 7317.326172, 819.568115 7317.313477, 819.574036 7317.299805)
205216-205173	205216	205173	2.2985894999999998	1	cbg	2.0000000000000000	64	0.0000000000000000	1.0000000000000000	0.0000000000000000	0.0001566000000000	0.0000000000000000	1.9199999999999999	0.0000000000000000	0.0000000000000000	0.0000000000000000	0.0000000000000000	0.0000000000000000	0.0000000000000000	0.0000000000000000	0.0000000000000000	0.0000000000000000	0.0000000000000000	LINESTRING(816.710999 7318.379883, 816.723022 7318.367188, 816.734009 7318.354492, 816.748779 7318.336914, 816.769775 7318.313477, 816.788513 7318.289551, 816.815186 7318.259277, 816.851685 7318.21582, 816.876526 7318.186523, 816.900024 7318.160156, 816.908691 7318.150391, 816.909607 7318.149414, 816.930786 7318.123535, 816.936096 7318.117676, 816.956604 7318.094727, 816.972107 7318.076172, 817.013611 7318.02832, 817.031799 7318.006836, 817.038086 7318, 817.052185 7317.983887, 817.068115 7317.964844, 817.085388 7317.944824, 817.103699 7317.922852, 817.128418 7317.894531, 817.138123 7317.883301, 817.185486 7317.827148, 817.211304 7317.797363, 817.23053 7317.775391, 817.25061 7317.750977, 817.270996 7317.728027, 817.282288 7317.715332, 817.304321 7317.689453, 817.326111 7317.666016, 817.351929 7317.63916, 817.374207 7317.615723, 817.396606 7317.595703, 817.420471 7317.572754, 817.444702 7317.551758, 817.517273 7317.48584, 817.557373 7317.449707, 817.589478 7317.421387, 817.622925 7317.390137, 817.62738 7317.38623, 817.661377 7317.359863, 817.689697 7317.340332, 817.715393 7317.323242, 817.775208 7317.285645, 817.844604 7317.239746, 817.888306 7317.212891, 817.928101 7317.187012, 817.97467 7317.156738, 818.063599 7317.100586, 818.098022 7317.080078)
205232-205377	205232	205377	6.2371755000000002	1	cbg	2.0000000000000000	64	0.0000000000000000	1.0000000000000000	1.0000000000000000	0.0000000000000000	0.0000000000000000	5.1999997999999996	0.0000000000000000	0.0000000000000000	0.0000000000000000	0.0000000000000000	0.0000000000000000	0.0000000000000000	0.0000000000000000	0.0000000000000000	0.0000000000000000	0.0000000000000000	LINESTRING(817.968018 7318.629883, 817.979126 7318.64502, 818.003784 7318.674805, 818.051514 7318.73584, 818.063477 7318.749023, 818.073608 7318.759277, 818.086426 7318.771484, 818.100281 7318.782715, 818.114685 7318.79248, 818.132324 7318.802734, 818.148315 7318.810547, 818.164612 7318.819824, 818.183899 7318.829102, 818.201904 7318.836426, 818.232483 7318.847656, 818.277771 7318.86377, 818.2995 7318.871094, 818.330383 7318.882324, 818.353394 7318.890137, 818.378174 7318.899414, 818.396301 7318.905762, 818.40979 7318.911133, 818.430481 7318.921387, 818.440491 7318.926758, 818.449585 7318.932617, 818.463318 7318.942871, 818.47467 7318.952148, 818.484985 7318.960938, 818.520874 7318.996582, 818.564026 7319.038574, 818.591614 7319.066406, 818.636597 7319.109863, 818.657898 7319.129883, 818.685913 7319.157715, 818.707581 7319.178223, 818.773499 7319.243164, 818.810608 7319.278809, 818.828918 7319.296387, 818.841125 7319.308594, 818.895203 7319.362793, 818.93927 7319.405762, 819.000977 7319.467285, 819.026917 7319.490234, 819.049927 7319.508301, 819.068481 7319.518555, 819.09137 7319.53125, 819.11731 7319.544922, 819.143616 7319.560059, 819.169128 7319.57373, 819.190796 7319.585449, 819.210327 7319.59668, 819.223999 7319.604004, 819.236084 7319.61377, 819.244995 7319.621582, 819.256226 7319.632813, 819.264587 7319.642578, 819.278015 7319.666504, 819.290283 7319.6875, 819.304016 7319.712402, 819.31842 7319.738281, 819.330505 7319.760254, 819.349792 7319.793945, 819.354919 7319.801758, 819.366821 7319.818359, 819.375488 7319.827148, 819.381409 7319.835449, 819.392212 7319.84668, 819.417175 7319.870605, 819.436218 7319.88916, 819.45282 7319.904785, 819.468201 7319.92041, 819.518127 7319.967773, 819.533325 7319.982422, 819.548279 7319.998535, 819.565979 7320.01416, 819.581787 7320.030273, 819.596802 7320.044434, 819.627686 7320.075684, 819.644409 7320.09082, 819.658691 7320.10498, 819.674927 7320.120605, 819.691711 7320.138184, 819.710571 7320.154785, 819.728088 7320.173828, 819.74408 7320.188965, 819.761719 7320.205078, 819.778687 7320.221191, 819.817322 7320.259277, 819.8396 7320.282227, 819.858398 7320.300781, 819.890381 7320.331543, 819.911926 7320.352539, 819.933899 7320.372559, 819.953674 7320.39209, 819.973083 7320.411621, 820.007813 7320.444824, 820.041382 7320.479492, 820.056824 7320.493652, 820.072571 7320.509277, 820.085083 7320.520996, 820.096619 7320.533203, 820.103027 7320.539063, 820.110901 7320.547852, 820.119019 7320.558594, 820.124695 7320.569336, 820.129211 7320.581543, 820.131409 7320.589844, 820.132874 7320.604492, 820.134216 7320.635742, 820.134277 7320.654297, 820.133484 7320.69873, 820.133301 7320.712891, 820.134888 7320.733398, 820.13678 7320.743652, 820.139099 7320.753418, 820.144226 7320.770508, 820.148682 7320.782227, 820.152283 7320.791016, 820.159607 7320.807129, 820.165527 7320.821289, 820.173889 7320.839844, 820.182373 7320.85791, 820.189514 7320.873047, 820.196228 7320.887207, 820.208679 7320.912598, 820.219116 7320.938965, 820.223999 7320.953613, 820.226501 7320.963379, 820.230713 7320.98877, 820.232483 7321.008301, 820.235107 7321.029785, 820.237793 7321.061523, 820.239502 7321.078125, 820.23999 7321.084961, 820.240479 7321.093262, 820.239624 7321.114746, 820.235901 7321.133301, 820.233582 7321.140137, 820.22937 7321.149902, 820.222778 7321.162109, 820.217407 7321.171875, 820.211304 7321.183594, 820.206726 7321.192871, 820.202515 7321.203613, 820.199524 7321.212891, 820.195496 7321.230957, 820.191772 7321.245605, 820.187622 7321.258789, 820.182617 7321.272949, 820.177185 7321.286133, 820.170715 7321.30127, 820.164673 7321.313477, 820.164124 7321.314941, 820.159119 7321.325195, 820.151428 7321.337891, 820.137573 7321.358887, 820.1297 7321.370605, 820.1203 7321.383301, 820.113281 7321.393555, 820.104004 7321.407715, 820.096497 7321.418457, 820.07959 7321.445313, 820.075623 7321.451172, 820.043274 7321.499023, 820.036499 7321.509277, 820.029114 7321.520508, 820.022705 7321.532715, 820.0177 7321.541992, 820.006287 7321.567383, 820.001526 7321.578125, 819.995972 7321.591797, 819.983887 7321.620117, 819.956421 7321.685059, 819.926208 7321.751953, 819.911987 7321.785645, 819.898987 7321.813965, 819.887085 7321.842285, 819.878479 7321.862793, 819.875488 7321.869629, 819.866272 7321.89209, 819.85437 7321.921875, 819.845703 7321.952148, 819.84198 7321.96875, 819.838989 7321.989746, 819.837219 7322.013672, 819.836975 7322.046387, 819.836914 7322.070801, 819.836487 7322.147949, 819.836121 7322.178223, 819.836182 7322.210938, 819.835876 7322.236328, 819.83551 7322.263184, 819.835205 7322.291504, 819.834778 7322.319336, 819.833496 7322.369629, 819.832825 7322.393066, 819.832703 7322.414063, 819.832825 7322.462891, 819.833008 7322.516113, 819.832825 7322.558594, 819.832703 7322.585449, 819.831787 7322.630859, 819.831909 7322.649902, 819.831482 7322.665527, 819.831177 7322.682129, 819.82959 7322.708008, 819.828979 7322.709961)
205377-205232	205377	205232	6.2371755000000002	1	cbg	2.0000000000000000	64	0.0000000000000000	1.0000000000000000	0.0000000000000000	0.0000000000000000	0.0000000000000000	5.1999997999999996	0.0000000000000000	0.0000000000000000	0.0000000000000000	0.0000000000000000	0.0000000000000000	0.0000000000000000	0.0000000000000000	0.0000000000000000	0.0000000000000000	0.0000000000000000	LINESTRING(819.828979 7322.709961, 819.82959 7322.708008, 819.831177 7322.682129, 819.831482 7322.665527, 819.831909 7322.649902, 819.831787 7322.630859, 819.832703 7322.585449, 819.832825 7322.558594, 819.833008 7322.516113, 819.832825 7322.462891, 819.832703 7322.414063, 819.832825 7322.393066, 819.833496 7322.369629, 819.834778 7322.319336, 819.835205 7322.291504, 819.83551 7322.263184, 819.835876 7322.236328, 819.836182 7322.210938, 819.836121 7322.178223, 819.836487 7322.147949, 819.836914 7322.070801, 819.836975 7322.046387, 819.837219 7322.013672, 819.838989 7321.989746, 819.84198 7321.96875, 819.845703 7321.952148, 819.85437 7321.921875, 819.866272 7321.89209, 819.875488 7321.869629, 819.878479 7321.862793, 819.887085 7321.842285, 819.898987 7321.813965, 819.911987 7321.785645, 819.926208 7321.751953, 819.956421 7321.685059, 819.983887 7321.620117, 819.995972 7321.591797, 820.001526 7321.578125, 820.006287 7321.567383, 820.0177 7321.541992, 820.022705 7321.532715, 820.029114 7321.520508, 820.036499 7321.509277, 820.043274 7321.499023, 820.075623 7321.451172, 820.07959 7321.445313, 820.096497 7321.418457, 820.104004 7321.407715, 820.113281 7321.393555, 820.1203 7321.383301, 820.1297 7321.370605, 820.137573 7321.358887, 820.151428 7321.337891, 820.159119 7321.325195, 820.164124 7321.314941, 820.164673 7321.313477, 820.170715 7321.30127, 820.177185 7321.286133, 820.182617 7321.272949, 820.187622 7321.258789, 820.191772 7321.245605, 820.195496 7321.230957, 820.199524 7321.212891, 820.202515 7321.203613, 820.206726 7321.192871, 820.211304 7321.183594, 820.217407 7321.171875, 820.222778 7321.162109, 820.22937 7321.149902, 820.233582 7321.140137, 820.235901 7321.133301, 820.239624 7321.114746, 820.240479 7321.093262, 820.23999 7321.084961, 820.239502 7321.078125, 820.237793 7321.061523, 820.235107 7321.029785, 820.232483 7321.008301, 820.230713 7320.98877, 820.226501 7320.963379, 820.223999 7320.953613, 820.219116 7320.938965, 820.208679 7320.912598, 820.196228 7320.887207, 820.189514 7320.873047, 820.182373 7320.85791, 820.173889 7320.839844, 820.165527 7320.821289, 820.159607 7320.807129, 820.152283 7320.791016, 820.148682 7320.782227, 820.144226 7320.770508, 820.139099 7320.753418, 820.13678 7320.743652, 820.134888 7320.733398, 820.133301 7320.712891, 820.133484 7320.69873, 820.134277 7320.654297, 820.134216 7320.635742, 820.132874 7320.604492, 820.131409 7320.589844, 820.129211 7320.581543, 820.124695 7320.569336, 820.119019 7320.558594, 820.110901 7320.547852, 820.103027 7320.539063, 820.096619 7320.533203, 820.085083 7320.520996, 820.072571 7320.509277, 820.056824 7320.493652, 820.041382 7320.479492, 820.007813 7320.444824, 819.973083 7320.411621, 819.953674 7320.39209, 819.933899 7320.372559, 819.911926 7320.352539, 819.890381 7320.331543, 819.858398 7320.300781, 819.8396 7320.282227, 819.817322 7320.259277, 819.778687 7320.221191, 819.761719 7320.205078, 819.74408 7320.188965, 819.728088 7320.173828, 819.710571 7320.154785, 819.691711 7320.138184, 819.674927 7320.120605, 819.658691 7320.10498, 819.644409 7320.09082, 819.627686 7320.075684, 819.596802 7320.044434, 819.581787 7320.030273, 819.565979 7320.01416, 819.548279 7319.998535, 819.533325 7319.982422, 819.518127 7319.967773, 819.468201 7319.92041, 819.45282 7319.904785, 819.436218 7319.88916, 819.417175 7319.870605, 819.392212 7319.84668, 819.381409 7319.835449, 819.375488 7319.827148, 819.366821 7319.818359, 819.354919 7319.801758, 819.349792 7319.793945, 819.330505 7319.760254, 819.31842 7319.738281, 819.304016 7319.712402, 819.290283 7319.6875, 819.278015 7319.666504, 819.264587 7319.642578, 819.256226 7319.632813, 819.244995 7319.621582, 819.236084 7319.61377, 819.223999 7319.604004, 819.210327 7319.59668, 819.190796 7319.585449, 819.169128 7319.57373, 819.143616 7319.560059, 819.11731 7319.544922, 819.09137 7319.53125, 819.068481 7319.518555, 819.049927 7319.508301, 819.026917 7319.490234, 819.000977 7319.467285, 818.93927 7319.405762, 818.895203 7319.362793, 818.841125 7319.308594, 818.828918 7319.296387, 818.810608 7319.278809, 818.773499 7319.243164, 818.707581 7319.178223, 818.685913 7319.157715, 818.657898 7319.129883, 818.636597 7319.109863, 818.591614 7319.066406, 818.564026 7319.038574, 818.520874 7318.996582, 818.484985 7318.960938, 818.47467 7318.952148, 818.463318 7318.942871, 818.449585 7318.932617, 818.440491 7318.926758, 818.430481 7318.921387, 818.40979 7318.911133, 818.396301 7318.905762, 818.378174 7318.899414, 818.353394 7318.890137, 818.330383 7318.882324, 818.2995 7318.871094, 818.277771 7318.86377, 818.232483 7318.847656, 818.201904 7318.836426, 818.183899 7318.829102, 818.164612 7318.819824, 818.148315 7318.810547, 818.132324 7318.802734, 818.114685 7318.79248, 818.100281 7318.782715, 818.086426 7318.771484, 818.073608 7318.759277, 818.063477 7318.749023, 818.051514 7318.73584, 818.003784 7318.674805, 817.979126 7318.64502, 817.968018 7318.629883)
205377-205414	205377	205414	0.9110418000000000	1	cbg	2.0000000000000000	64	0.0000000000000000	1.0000000000000000	1.0000000000000000	0.0000000000000000	0.0000000000000000	0.7600000000000000	0.0000000000000000	0.0000000000000000	0.0000000000000000	0.0000000000000000	0.0000000000000000	0.0000000000000000	0.0000000000000000	0.0000000000000000	0.0000000000000000	0.0000000000000000	LINESTRING(819.828979 7322.709961, 819.828491 7322.718262, 819.826294 7322.73291, 819.821106 7322.756348, 819.816528 7322.771484, 819.809204 7322.794922, 819.802429 7322.818359, 819.794983 7322.840332, 819.788513 7322.861816, 819.782104 7322.881836, 819.774902 7322.902344, 819.752319 7322.962891, 819.730286 7323.01709, 819.724121 7323.032715, 819.718811 7323.04834, 819.715088 7323.05957, 819.713318 7323.071777, 819.712097 7323.081055, 819.711182 7323.095703, 819.710999 7323.108398, 819.708008 7323.172852, 819.706726 7323.205566, 819.705383 7323.23877, 819.705017 7323.271973, 819.699219 7323.449219, 819.698975 7323.449707)
205414-205377	205414	205377	0.9110418000000000	1	cbg	2.0000000000000000	64	0.0000000000000000	1.0000000000000000	0.0000000000000000	0.0000000000000000	0.0000000000000000	0.7600000000000000	0.0000000000000000	0.0000000000000000	0.0000000000000000	0.0000000000000000	0.0000000000000000	0.0000000000000000	0.0000000000000000	0.0000000000000000	0.0000000000000000	0.0000000000000000	LINESTRING(819.698975 7323.449707, 819.699219 7323.449219, 819.705017 7323.271973, 819.705383 7323.23877, 819.706726 7323.205566, 819.708008 7323.172852, 819.710999 7323.108398, 819.711182 7323.095703, 819.712097 7323.081055, 819.713318 7323.071777, 819.715088 7323.05957, 819.718811 7323.04834, 819.724121 7323.032715, 819.730286 7323.01709, 819.752319 7322.962891, 819.774902 7322.902344, 819.782104 7322.881836, 819.788513 7322.861816, 819.794983 7322.840332, 819.802429 7322.818359, 819.809204 7322.794922, 819.816528 7322.771484, 819.821106 7322.756348, 819.826294 7322.73291, 819.828491 7322.718262, 819.828979 7322.709961)
205612-205720	205612	205720	3.2345449999999998	1	cbg	3.0000000000000000	41	0.0000000000000000	1.0000000000000000	1.0000000000000000	0.0000000000000000	0.0000000000000000	2.7000000000000002	0.0000000000000000	0.0000000000000000	0.0000000000000000	0.0000000000000000	0.0000000000000000	0.0000000000000000	0.0000000000000000	0.0000000000000000	0.0000000000000000	0.0000000000000000	LINESTRING(844.526001 7327.879883, 844.531616 7327.890137, 844.54248 7327.905762, 844.553406 7327.921875, 844.56427 7327.9375, 844.575195 7327.953125, 844.585999 7327.969238, 844.596802 7327.984863, 844.607727 7328.000488, 844.617188 7328.01416, 844.626587 7328.02832, 844.636108 7328.041992, 844.646973 7328.057617, 844.657776 7328.07373, 844.668701 7328.089355, 844.679626 7328.105469, 844.687927 7328.117188, 844.69043 7328.121094, 844.69989 7328.134766, 844.710815 7328.150879, 844.720398 7328.164551, 844.729919 7328.178711, 844.740723 7328.194336, 844.751587 7328.209961, 844.762512 7328.226074, 844.773499 7328.241699, 844.784424 7328.257813, 844.795288 7328.273438, 844.806213 7328.289063, 844.817017 7328.305176, 844.827881 7328.320801, 844.838806 7328.336426, 844.84967 7328.352539, 844.860596 7328.368164, 844.871399 7328.383789, 844.882324 7328.399902, 844.893127 7328.415527, 844.903992 7328.431641, 844.913513 7328.445313, 844.922974 7328.458984, 844.933899 7328.475098, 844.94342 7328.48877, 844.954407 7328.504395, 844.96521 7328.520508, 844.976013 7328.536133, 844.986877 7328.551758, 844.997803 7328.567871, 845.008789 7328.583496, 845.019714 7328.599609, 845.030518 7328.615234, 845.041382 7328.630859, 845.052307 7328.646973, 845.06311 7328.662598, 845.073975 7328.678711, 845.0849 7328.694336, 845.095703 7328.709961, 845.106689 7328.726074, 845.117615 7328.741699, 845.128418 7328.757324, 845.139221 7328.773438, 845.150085 7328.789063, 845.161011 7328.805176, 845.171875 7328.820801, 845.182678 7328.836426, 845.193604 7328.852539, 845.204407 7328.868164, 845.21521 7328.884277, 845.226074 7328.900391, 845.237122 7328.916016, 845.247986 7328.931641, 845.258911 7328.947754, 845.269775 7328.963379, 845.280701 7328.979004, 845.291626 7328.995117, 845.30249 7329.010742, 845.313416 7329.026855, 845.324219 7329.04248, 845.335083 7329.058594, 845.345886 7329.074219, 845.356812 7329.089844, 845.367676 7329.105957, 845.378601 7329.121582, 845.389526 7329.137207, 845.400391 7329.15332, 845.411316 7329.168945, 845.42218 7329.18457, 845.433228 7329.200195, 845.444092 7329.216309, 845.455017 7329.231934, 845.466003 7329.247559, 845.477112 7329.263184, 845.48822 7329.279297, 845.499207 7329.294922, 845.510376 7329.310547, 845.527222 7329.333984, 845.536316 7329.346191, 845.545715 7329.359375, 845.554993 7329.37207, 845.564819 7329.384766, 845.574524 7329.397461, 845.585083 7329.411621, 845.596497 7329.42627, 845.608887 7329.441895, 845.618408 7329.454102, 845.627808 7329.466309, 845.638672 7329.47998, 845.651184 7329.495117, 845.663574 7329.510742, 845.674622 7329.523926, 845.687195 7329.539063, 845.698425 7329.552734, 845.711121 7329.567871, 845.723877 7329.583008, 845.736877 7329.598145, 845.75 7329.613281, 845.763 7329.62793, 845.776184 7329.643066, 845.789429 7329.657715, 845.802612 7329.672852, 845.815979 7329.6875, 845.829407 7329.702148, 845.842896 7329.716797, 845.856384 7329.730957, 845.869873 7329.745605, 845.883484 7329.760254, 845.897278 7329.774414, 845.911072 7329.789063, 845.924988 7329.803223, 845.938904 7329.817383, 845.95282 7329.831543, 845.966919 7329.845703, 845.979187 7329.85791, 845.993225 7329.871582, 846.007202 7329.885742, 846.021118 7329.899414, 846.035278 7329.913086, 846.049622 7329.926758, 846.055481 7329.932617, 846.064087 7329.94043, 846.078613 7329.953613, 846.091492 7329.965332, 846.106201 7329.978516, 846.120972 7329.991699, 846.135803 7330.004883, 846.150574 7330.018066, 846.148926 7330.02002)
205720-205612	205720	205612	3.2345449999999998	1	cbg	3.0000000000000000	41	0.0000000000000000	1.0000000000000000	0.0000000000000000	0.0000000000000000	0.0000000000000000	2.7000000000000002	0.0000000000000000	0.0000000000000000	0.0000000000000000	0.0000000000000000	0.0000000000000000	0.0000000000000000	0.0000000000000000	0.0000000000000000	0.0000000000000000	0.0000000000000000	LINESTRING(846.148926 7330.02002, 846.150574 7330.018066, 846.135803 7330.004883, 846.120972 7329.991699, 846.106201 7329.978516, 846.091492 7329.965332, 846.078613 7329.953613, 846.064087 7329.94043, 846.055481 7329.932617, 846.049622 7329.926758, 846.035278 7329.913086, 846.021118 7329.899414, 846.007202 7329.885742, 845.993225 7329.871582, 845.979187 7329.85791, 845.966919 7329.845703, 845.95282 7329.831543, 845.938904 7329.817383, 845.924988 7329.803223, 845.911072 7329.789063, 845.897278 7329.774414, 845.883484 7329.760254, 845.869873 7329.745605, 845.856384 7329.730957, 845.842896 7329.716797, 845.829407 7329.702148, 845.815979 7329.6875, 845.802612 7329.672852, 845.789429 7329.657715, 845.776184 7329.643066, 845.763 7329.62793, 845.75 7329.613281, 845.736877 7329.598145, 845.723877 7329.583008, 845.711121 7329.567871, 845.698425 7329.552734, 845.687195 7329.539063, 845.674622 7329.523926, 845.663574 7329.510742, 845.651184 7329.495117, 845.638672 7329.47998, 845.627808 7329.466309, 845.618408 7329.454102, 845.608887 7329.441895, 845.596497 7329.42627, 845.585083 7329.411621, 845.574524 7329.397461, 845.564819 7329.384766, 845.554993 7329.37207, 845.545715 7329.359375, 845.536316 7329.346191, 845.527222 7329.333984, 845.510376 7329.310547, 845.499207 7329.294922, 845.48822 7329.279297, 845.477112 7329.263184, 845.466003 7329.247559, 845.455017 7329.231934, 845.444092 7329.216309, 845.433228 7329.200195, 845.42218 7329.18457, 845.411316 7329.168945, 845.400391 7329.15332, 845.389526 7329.137207, 845.378601 7329.121582, 845.367676 7329.105957, 845.356812 7329.089844, 845.345886 7329.074219, 845.335083 7329.058594, 845.324219 7329.04248, 845.313416 7329.026855, 845.30249 7329.010742, 845.291626 7328.995117, 845.280701 7328.979004, 845.269775 7328.963379, 845.258911 7328.947754, 845.247986 7328.931641, 845.237122 7328.916016, 845.226074 7328.900391, 845.21521 7328.884277, 845.204407 7328.868164, 845.193604 7328.852539, 845.182678 7328.836426, 845.171875 7328.820801, 845.161011 7328.805176, 845.150085 7328.789063, 845.139221 7328.773438, 845.128418 7328.757324, 845.117615 7328.741699, 845.106689 7328.726074, 845.095703 7328.709961, 845.0849 7328.694336, 845.073975 7328.678711, 845.06311 7328.662598, 845.052307 7328.646973, 845.041382 7328.630859, 845.030518 7328.615234, 845.019714 7328.599609, 845.008789 7328.583496, 844.997803 7328.567871, 844.986877 7328.551758, 844.976013 7328.536133, 844.96521 7328.520508, 844.954407 7328.504395, 844.94342 7328.48877, 844.933899 7328.475098, 844.922974 7328.458984, 844.913513 7328.445313, 844.903992 7328.431641, 844.893127 7328.415527, 844.882324 7328.399902, 844.871399 7328.383789, 844.860596 7328.368164, 844.84967 7328.352539, 844.838806 7328.336426, 844.827881 7328.320801, 844.817017 7328.305176, 844.806213 7328.289063, 844.795288 7328.273438, 844.784424 7328.257813, 844.773499 7328.241699, 844.762512 7328.226074, 844.751587 7328.209961, 844.740723 7328.194336, 844.729919 7328.178711, 844.720398 7328.164551, 844.710815 7328.150879, 844.69989 7328.134766, 844.69043 7328.121094, 844.687927 7328.117188, 844.679626 7328.105469, 844.668701 7328.089355, 844.657776 7328.07373, 844.646973 7328.057617, 844.636108 7328.041992, 844.626587 7328.02832, 844.617188 7328.01416, 844.607727 7328.000488, 844.596802 7327.984863, 844.585999 7327.969238, 844.575195 7327.953125, 844.56427 7327.9375, 844.553406 7327.921875, 844.54248 7327.905762, 844.531616 7327.890137, 844.526001 7327.879883)
205827-205859	205827	205859	5.9795445999999997	1	cbg	2.0000000000000000	64	0.0000000000000000	1.0000000000000000	1.0000000000000000	0.0000000000000000	0.0000000000000000	4.9800000000000004	0.0000000000000000	0.0000000000000000	0.0000000000000000	0.0000000000000000	0.0000000000000000	0.0000000000000000	0.0000000000000000	0.0000000000000000	0.0000000000000000	0.0000000000000000	LINESTRING(846.524048 7332.32959, 846.523193 7332.333496, 846.511902 7332.360352, 846.501099 7332.380859, 846.489197 7332.400879, 846.481018 7332.412598, 846.47113 7332.425293, 846.460388 7332.4375, 846.449524 7332.44873, 846.440186 7332.45752, 846.43042 7332.464844, 846.416321 7332.473633, 846.386597 7332.490234, 846.377502 7332.495605, 846.36261 7332.504883, 846.356201 7332.509766, 846.350586 7332.514648, 846.346008 7332.519043, 846.338196 7332.526855, 846.331421 7332.535645, 846.317627 7332.556152, 846.296814 7332.587402, 846.281494 7332.60498, 846.274109 7332.611328, 846.261414 7332.620117, 846.240112 7332.630371, 846.224976 7332.638672, 846.210876 7332.647949, 846.200378 7332.657715, 846.188599 7332.668945, 846.168213 7332.689941, 846.133728 7332.728027, 846.118896 7332.745117, 846.100281 7332.765137, 846.091919 7332.775391, 846.08551 7332.784668, 846.078979 7332.796875, 846.074219 7332.809082, 846.069824 7332.822754, 846.061279 7332.852051, 846.05127 7332.89502, 846.039673 7332.926758, 846.033813 7332.941895, 846.028076 7332.954102, 846.025391 7332.959961, 846.008728 7332.992188, 846.001404 7333.004395, 845.994202 7333.013672, 845.97522 7333.029297, 845.966187 7333.034668, 845.955811 7333.039551, 845.944519 7333.042969, 845.934875 7333.04541, 845.925598 7333.046387, 845.91217 7333.046387, 845.874084 7333.040039, 845.851685 7333.03418, 845.81427 7333.024902, 845.75592 7333.006348, 845.732727 7332.999512, 845.703613 7332.991699, 845.662598 7332.980469, 845.57373 7332.95752, 845.535278 7332.948242, 845.498413 7332.938477, 845.458374 7332.930176, 845.423401 7332.922852, 845.391602 7332.916016, 845.362793 7332.910156, 845.318176 7332.899414, 845.236694 7332.878418, 845.207397 7332.871582, 845.183289 7332.865234, 845.168213 7332.859375, 845.158081 7332.853516, 845.147522 7332.844727, 845.139893 7332.837891, 845.126404 7332.821289, 845.108215 7332.79248, 845.093628 7332.774902, 845.078186 7332.76123, 845.068909 7332.754883, 845.060486 7332.750488, 845.05011 7332.745117, 845.030273 7332.738281, 845.01947 7332.735352, 845.009705 7332.733887, 844.999084 7332.732422, 844.987305 7332.732422, 844.922729 7332.733398, 844.896606 7332.733398, 844.873718 7332.732422, 844.854919 7332.731445, 844.837524 7332.729492, 844.824524 7332.727051, 844.81012 7332.723145, 844.795898 7332.717285, 844.785095 7332.712402, 844.772888 7332.705078, 844.762695 7332.697754, 844.739685 7332.682617, 844.72821 7332.676758, 844.715393 7332.672363, 844.702393 7332.668945, 844.691711 7332.667969, 844.677979 7332.668457, 844.662598 7332.670898, 844.648376 7332.675781, 844.62738 7332.686035, 844.579224 7332.710938, 844.553589 7332.725586, 844.541687 7332.73291, 844.531677 7332.740723, 844.521912 7332.750488, 844.516174 7332.758301, 844.511414 7332.768066, 844.505493 7332.785156, 844.504089 7332.792969, 844.503113 7332.801758, 844.502319 7332.811523, 844.50238 7332.819336, 844.503174 7332.827637, 844.5047 7332.836426, 844.506775 7332.844238, 844.510498 7332.856934, 844.514587 7332.868164, 844.518982 7332.882813, 844.522888 7332.894531, 844.524597 7332.90332, 844.525513 7332.92041, 844.523926 7332.928223, 844.520813 7332.935059, 844.516174 7332.942871, 844.509399 7332.950195, 844.500916 7332.956543, 844.492126 7332.960449, 844.483093 7332.962402, 844.468384 7332.962891, 844.452393 7332.961914, 844.438904 7332.960449, 844.425476 7332.960938, 844.411499 7332.964355, 844.397705 7332.969727, 844.38092 7332.980469, 844.355286 7333.000488, 844.334595 7333.017578, 844.310608 7333.038086, 844.29071 7333.056152, 844.27832 7333.065918, 844.268372 7333.072266, 844.258606 7333.07666, 844.247681 7333.080078, 844.232605 7333.08252, 844.211304 7333.083496, 844.151184 7333.083008, 844.12439 7333.082031, 844.104492 7333.079102, 844.087708 7333.075684, 844.07019 7333.069824, 844.016785 7333.045898, 844.001221 7333.040039, 843.986511 7333.036621, 843.973694 7333.035156, 843.959717 7333.035156, 843.942993 7333.036621, 843.917786 7333.040527, 843.892883 7333.04541, 843.856689 7333.052246, 843.821594 7333.058594, 843.779602 7333.066895, 843.745422 7333.073242, 843.697327 7333.081543, 843.65741 7333.089355, 843.590393 7333.100586, 843.56842 7333.104492, 843.547913 7333.10791, 843.526611 7333.112793, 843.510376 7333.116699, 843.492188 7333.122559, 843.447998 7333.141113, 843.410583 7333.15918, 843.389282 7333.168945, 843.373108 7333.174805, 843.36261 7333.178223, 843.351929 7333.179199, 843.338623 7333.179199, 843.319885 7333.178223, 843.268372 7333.170898, 843.250793 7333.169434, 843.237976 7333.169434, 843.22467 7333.171387, 843.210815 7333.175781, 843.195618 7333.183594, 843.181274 7333.194336, 843.150024 7333.217773, 843.134827 7333.228027, 843.120911 7333.23584, 843.1073 7333.241699, 843.030396 7333.263672, 843.016602 7333.266602, 843.005493 7333.268555, 842.99292 7333.269043, 842.981323 7333.269043, 842.967285 7333.267578, 842.950073 7333.263672, 842.911682 7333.249512, 842.895691 7333.244141, 842.883301 7333.240723, 842.869019 7333.238281, 842.855774 7333.237305, 842.84082 7333.236816, 842.819214 7333.237305, 842.777527 7333.240723, 842.766113 7333.240723, 842.756592 7333.239746, 842.7453 7333.237793, 842.664124 7333.215332, 842.631897 7333.205566, 842.560791 7333.186523, 842.518005 7333.173828, 842.440491 7333.152344, 842.422607 7333.147461, 842.40979 7333.145508, 842.395508 7333.144531, 842.385071 7333.14502, 842.370728 7333.146484, 842.355713 7333.148926, 842.341003 7333.152344, 842.337036 7333.149902)
205859-205827	205859	205827	5.9795445999999997	1	cbg	2.0000000000000000	64	0.0000000000000000	1.0000000000000000	0.0000000000000000	0.0000000000000000	0.0000000000000000	4.9800000000000004	0.0000000000000000	0.0000000000000000	0.0000000000000000	0.0000000000000000	0.0000000000000000	0.0000000000000000	0.0000000000000000	0.0000000000000000	0.0000000000000000	0.0000000000000000	LINESTRING(842.337036 7333.149902, 842.341003 7333.152344, 842.355713 7333.148926, 842.370728 7333.146484, 842.385071 7333.14502, 842.395508 7333.144531, 842.40979 7333.145508, 842.422607 7333.147461, 842.440491 7333.152344, 842.518005 7333.173828, 842.560791 7333.186523, 842.631897 7333.205566, 842.664124 7333.215332, 842.7453 7333.237793, 842.756592 7333.239746, 842.766113 7333.240723, 842.777527 7333.240723, 842.819214 7333.237305, 842.84082 7333.236816, 842.855774 7333.237305, 842.869019 7333.238281, 842.883301 7333.240723, 842.895691 7333.244141, 842.911682 7333.249512, 842.950073 7333.263672, 842.967285 7333.267578, 842.981323 7333.269043, 842.99292 7333.269043, 843.005493 7333.268555, 843.016602 7333.266602, 843.030396 7333.263672, 843.1073 7333.241699, 843.120911 7333.23584, 843.134827 7333.228027, 843.150024 7333.217773, 843.181274 7333.194336, 843.195618 7333.183594, 843.210815 7333.175781, 843.22467 7333.171387, 843.237976 7333.169434, 843.250793 7333.169434, 843.268372 7333.170898, 843.319885 7333.178223, 843.338623 7333.179199, 843.351929 7333.179199, 843.36261 7333.178223, 843.373108 7333.174805, 843.389282 7333.168945, 843.410583 7333.15918, 843.447998 7333.141113, 843.492188 7333.122559, 843.510376 7333.116699, 843.526611 7333.112793, 843.547913 7333.10791, 843.56842 7333.104492, 843.590393 7333.100586, 843.65741 7333.089355, 843.697327 7333.081543, 843.745422 7333.073242, 843.779602 7333.066895, 843.821594 7333.058594, 843.856689 7333.052246, 843.892883 7333.04541, 843.917786 7333.040527, 843.942993 7333.036621, 843.959717 7333.035156, 843.973694 7333.035156, 843.986511 7333.036621, 844.001221 7333.040039, 844.016785 7333.045898, 844.07019 7333.069824, 844.087708 7333.075684, 844.104492 7333.079102, 844.12439 7333.082031, 844.151184 7333.083008, 844.211304 7333.083496, 844.232605 7333.08252, 844.247681 7333.080078, 844.258606 7333.07666, 844.268372 7333.072266, 844.27832 7333.065918, 844.29071 7333.056152, 844.310608 7333.038086, 844.334595 7333.017578, 844.355286 7333.000488, 844.38092 7332.980469, 844.397705 7332.969727, 844.411499 7332.964355, 844.425476 7332.960938, 844.438904 7332.960449, 844.452393 7332.961914, 844.468384 7332.962891, 844.483093 7332.962402, 844.492126 7332.960449, 844.500916 7332.956543, 844.509399 7332.950195, 844.516174 7332.942871, 844.520813 7332.935059, 844.523926 7332.928223, 844.525513 7332.92041, 844.524597 7332.90332, 844.522888 7332.894531, 844.518982 7332.882813, 844.514587 7332.868164, 844.510498 7332.856934, 844.506775 7332.844238, 844.5047 7332.836426, 844.503174 7332.827637, 844.50238 7332.819336, 844.502319 7332.811523, 844.503113 7332.801758, 844.504089 7332.792969, 844.505493 7332.785156, 844.511414 7332.768066, 844.516174 7332.758301, 844.521912 7332.750488, 844.531677 7332.740723, 844.541687 7332.73291, 844.553589 7332.725586, 844.579224 7332.710938, 844.62738 7332.686035, 844.648376 7332.675781, 844.662598 7332.670898, 844.677979 7332.668457, 844.691711 7332.667969, 844.702393 7332.668945, 844.715393 7332.672363, 844.72821 7332.676758, 844.739685 7332.682617, 844.762695 7332.697754, 844.772888 7332.705078, 844.785095 7332.712402, 844.795898 7332.717285, 844.81012 7332.723145, 844.824524 7332.727051, 844.837524 7332.729492, 844.854919 7332.731445, 844.873718 7332.732422, 844.896606 7332.733398, 844.922729 7332.733398, 844.987305 7332.732422, 844.999084 7332.732422, 845.009705 7332.733887, 845.01947 7332.735352, 845.030273 7332.738281, 845.05011 7332.745117, 845.060486 7332.750488, 845.068909 7332.754883, 845.078186 7332.76123, 845.093628 7332.774902, 845.108215 7332.79248, 845.126404 7332.821289, 845.139893 7332.837891, 845.147522 7332.844727, 845.158081 7332.853516, 845.168213 7332.859375, 845.183289 7332.865234, 845.207397 7332.871582, 845.236694 7332.878418, 845.318176 7332.899414, 845.362793 7332.910156, 845.391602 7332.916016, 845.423401 7332.922852, 845.458374 7332.930176, 845.498413 7332.938477, 845.535278 7332.948242, 845.57373 7332.95752, 845.662598 7332.980469, 845.703613 7332.991699, 845.732727 7332.999512, 845.75592 7333.006348, 845.81427 7333.024902, 845.851685 7333.03418, 845.874084 7333.040039, 845.91217 7333.046387, 845.925598 7333.046387, 845.934875 7333.04541, 845.944519 7333.042969, 845.955811 7333.039551, 845.966187 7333.034668, 845.97522 7333.029297, 845.994202 7333.013672, 846.001404 7333.004395, 846.008728 7332.992188, 846.025391 7332.959961, 846.028076 7332.954102, 846.033813 7332.941895, 846.039673 7332.926758, 846.05127 7332.89502, 846.061279 7332.852051, 846.069824 7332.822754, 846.074219 7332.809082, 846.078979 7332.796875, 846.08551 7332.784668, 846.091919 7332.775391, 846.100281 7332.765137, 846.118896 7332.745117, 846.133728 7332.728027, 846.168213 7332.689941, 846.188599 7332.668945, 846.200378 7332.657715, 846.210876 7332.647949, 846.224976 7332.638672, 846.240112 7332.630371, 846.261414 7332.620117, 846.274109 7332.611328, 846.281494 7332.60498, 846.296814 7332.587402, 846.317627 7332.556152, 846.331421 7332.535645, 846.338196 7332.526855, 846.346008 7332.519043, 846.350586 7332.514648, 846.356201 7332.509766, 846.36261 7332.504883, 846.377502 7332.495605, 846.386597 7332.490234, 846.416321 7332.473633, 846.43042 7332.464844, 846.440186 7332.45752, 846.449524 7332.44873, 846.460388 7332.4375, 846.47113 7332.425293, 846.481018 7332.412598, 846.489197 7332.400879, 846.501099 7332.380859, 846.511902 7332.360352, 846.523193 7332.333496, 846.524048 7332.32959)
205954-205957	205954	205957	2.0948253000000001	1	cbg	2.0000000000000000	60	0.0000000000000000	1.0000000000000000	1.0000000000000000	0.0004207000000000	0.0000000000000000	1.7500000000000000	0.0000000000000000	0.0000000000000000	0.0000000000000000	0.0000000000000000	0.0000000000000000	0.0000000000000000	0.0000000000000000	0.0000000000000000	0.0000000000000000	0.0000000000000000	LINESTRING(811.726013 7338.640137, 811.765015 7338.669922, 811.818481 7338.710937, 811.819885 7338.711914, 811.824402 7338.71582, 811.849976 7338.735352, 811.873718 7338.752441, 811.889709 7338.761719, 811.898804 7338.766602, 811.909607 7338.771973, 811.923218 7338.778809, 811.945984 7338.789551, 811.970398 7338.798828, 811.995728 7338.807129, 812.017578 7338.812012, 812.047974 7338.816895, 812.075989 7338.819336, 812.11322 7338.819336, 812.169312 7338.817871, 812.243591 7338.815918, 812.34967 7338.8125, 812.402405 7338.811523, 812.439087 7338.810547, 812.440491 7338.810547, 812.505676 7338.809082, 812.755127 7338.801758, 812.852173 7338.799805, 812.920288 7338.799316, 812.998901 7338.800293, 813.000305 7338.800781, 813.037903 7338.802734, 813.092285 7338.805664, 813.148926 7338.810547, 813.215271 7338.817871, 813.251221 7338.822266, 813.2771 7338.826172, 813.303589 7338.83252, 813.327698 7338.839844, 813.365479 7338.855469, 813.412048 7338.869629)
205957-205954	205957	205954	2.0948253000000001	1	cbg	2.0000000000000000	60	0.0000000000000000	1.0000000000000000	0.0000000000000000	0.0047192000000000	0.0000000000000000	1.7500000000000000	0.0000000000000000	0.0000000000000000	0.0000000000000000	0.0000000000000000	0.0000000000000000	0.0000000000000000	0.0000000000000000	0.0000000000000000	0.0000000000000000	0.0000000000000000	LINESTRING(813.412048 7338.869629, 813.365479 7338.855469, 813.327698 7338.839844, 813.303589 7338.83252, 813.2771 7338.826172, 813.251221 7338.822266, 813.215271 7338.817871, 813.148926 7338.810547, 813.092285 7338.805664, 813.037903 7338.802734, 813.000305 7338.800781, 812.998901 7338.800293, 812.920288 7338.799316, 812.852173 7338.799805, 812.755127 7338.801758, 812.505676 7338.809082, 812.440491 7338.810547, 812.439087 7338.810547, 812.402405 7338.811523, 812.34967 7338.8125, 812.243591 7338.815918, 812.169312 7338.817871, 812.11322 7338.819336, 812.075989 7338.819336, 812.047974 7338.816895, 812.017578 7338.812012, 811.995728 7338.807129, 811.970398 7338.798828, 811.945984 7338.789551, 811.923218 7338.778809, 811.909607 7338.771973, 811.898804 7338.766602, 811.889709 7338.761719, 811.873718 7338.752441, 811.849976 7338.735352, 811.824402 7338.71582, 811.819885 7338.711914, 811.818481 7338.710937, 811.765015 7338.669922, 811.726013 7338.640137)
205978-205981	205978	205981	0.2681723000000000	1	cbg	2.0000000000000000	56	0.0000000000000000	1.0000000000000000	1.0000000000000000	0.0006039000000000	0.0000000000000000	0.2200000000000000	0.0000000000000000	0.0000000000000000	0.0000000000000000	0.0000000000000000	0.0000000000000000	0.0000000000000000	0.0000000000000000	0.0000000000000000	0.0000000000000000	0.0000000000000000	LINESTRING(814.072021 7340.780273, 814.057312 7340.777832, 814.02179 7340.78125, 813.97998 7340.786621, 813.938171 7340.792969, 813.901978 7340.800293, 813.855408 7340.811035, 813.85199 7340.80957)
205981-205978	205981	205978	0.2681723000000000	1	cbg	2.0000000000000000	56	0.0000000000000000	1.0000000000000000	0.0000000000000000	0.0009883000000000	0.0000000000000000	0.2200000000000000	0.0000000000000000	0.0000000000000000	0.0000000000000000	0.0000000000000000	0.0000000000000000	0.0000000000000000	0.0000000000000000	0.0000000000000000	0.0000000000000000	0.0000000000000000	LINESTRING(813.85199 7340.80957, 813.855408 7340.811035, 813.901978 7340.800293, 813.938171 7340.792969, 813.97998 7340.786621, 814.02179 7340.78125, 814.057312 7340.777832, 814.072021 7340.780273)
206033-206073	206033	206073	3.3521315999999999	1	cbg	2.0000000000000000	64	0.0000000000000000	1.0000000000000000	1.0000000000000000	0.0000000000000000	0.0000000000000000	2.7999999999999998	0.0000000000000000	0.0000000000000000	0.0000000000000000	0.0000000000000000	0.0000000000000000	0.0000000000000000	0.0000000000000000	0.0000000000000000	0.0000000000000000	0.0000000000000000	LINESTRING(817.967041 7342.529785, 817.957275 7342.534668, 817.931519 7342.54834, 817.895325 7342.569336, 817.841492 7342.599121, 817.776917 7342.624512, 817.742371 7342.643066, 817.700317 7342.660156, 817.678711 7342.671387, 817.663513 7342.681641, 817.628906 7342.714355, 817.545227 7342.791016, 817.460571 7342.869141, 817.447327 7342.884277, 817.437622 7342.896484, 817.427429 7342.913574, 817.420593 7342.932129, 817.414001 7342.952637, 817.409485 7342.974609, 817.40387 7343.014648, 817.402283 7343.036621, 817.402222 7343.053711, 817.40332 7343.072266, 817.405212 7343.091797, 817.408691 7343.113281, 817.413025 7343.12793, 817.419312 7343.14502, 817.425415 7343.15625, 817.434387 7343.171387, 817.444519 7343.186523, 817.479004 7343.233887, 817.502075 7343.27002, 817.509888 7343.287109, 817.516785 7343.305664, 817.523315 7343.327148, 817.529419 7343.353516, 817.536499 7343.37793, 817.548279 7343.402344, 817.562805 7343.425293, 817.577698 7343.444824, 817.587219 7343.462891, 817.596985 7343.481445, 817.601196 7343.494141, 817.6026 7343.515137, 817.601013 7343.541504, 817.593872 7343.587891, 817.59259 7343.610352, 817.594421 7343.641113, 817.599121 7343.67041, 817.603821 7343.694824, 817.607971 7343.722656, 817.611877 7343.74707, 817.614502 7343.770996, 817.614197 7343.784668, 817.611816 7343.803223, 817.592285 7343.880859, 817.588623 7343.89502, 817.581909 7343.921875, 817.568481 7343.969727, 817.560181 7343.993164, 817.556885 7343.999023, 817.552124 7344.006836, 817.551697 7344.007324, 817.538086 7344.025879, 817.50177 7344.058105, 817.394714 7344.144531, 817.367615 7344.177246, 817.341919 7344.20459, 817.322205 7344.224609, 817.30249 7344.241699, 817.287109 7344.25293, 817.26239 7344.263672, 817.231812 7344.273438, 817.203674 7344.284668, 817.175415 7344.300781, 817.154297 7344.317383, 817.132996 7344.338379, 817.115601 7344.358398, 817.109009 7344.37207, 817.10199 7344.391602, 817.095093 7344.421387, 817.08667 7344.456055, 817.076782 7344.479492, 817.068726 7344.500488, 817.062927 7344.517578, 817.058594 7344.536621, 817.056824 7344.550781, 817.053101 7344.564453, 817.048401 7344.584473, 817.040771 7344.600098, 817.02301 7344.626953, 817.012207 7344.640625, 816.979919 7344.680664, 816.953003 7344.709961)
206073-206033	206073	206033	3.3521315999999999	1	cbg	2.0000000000000000	64	0.0000000000000000	1.0000000000000000	0.0000000000000000	0.0000000000000000	0.0000000000000000	2.7999999999999998	0.0000000000000000	0.0000000000000000	0.0000000000000000	0.0000000000000000	0.0000000000000000	0.0000000000000000	0.0000000000000000	0.0000000000000000	0.0000000000000000	0.0000000000000000	LINESTRING(816.953003 7344.709961, 816.979919 7344.680664, 817.012207 7344.640625, 817.02301 7344.626953, 817.040771 7344.600098, 817.048401 7344.584473, 817.053101 7344.564453, 817.056824 7344.550781, 817.058594 7344.536621, 817.062927 7344.517578, 817.068726 7344.500488, 817.076782 7344.479492, 817.08667 7344.456055, 817.095093 7344.421387, 817.10199 7344.391602, 817.109009 7344.37207, 817.115601 7344.358398, 817.132996 7344.338379, 817.154297 7344.317383, 817.175415 7344.300781, 817.203674 7344.284668, 817.231812 7344.273438, 817.26239 7344.263672, 817.287109 7344.25293, 817.30249 7344.241699, 817.322205 7344.224609, 817.341919 7344.20459, 817.367615 7344.177246, 817.394714 7344.144531, 817.50177 7344.058105, 817.538086 7344.025879, 817.551697 7344.007324, 817.552124 7344.006836, 817.556885 7343.999023, 817.560181 7343.993164, 817.568481 7343.969727, 817.581909 7343.921875, 817.588623 7343.89502, 817.592285 7343.880859, 817.611816 7343.803223, 817.614197 7343.784668, 817.614502 7343.770996, 817.611877 7343.74707, 817.607971 7343.722656, 817.603821 7343.694824, 817.599121 7343.67041, 817.594421 7343.641113, 817.59259 7343.610352, 817.593872 7343.587891, 817.601013 7343.541504, 817.6026 7343.515137, 817.601196 7343.494141, 817.596985 7343.481445, 817.587219 7343.462891, 817.577698 7343.444824, 817.562805 7343.425293, 817.548279 7343.402344, 817.536499 7343.37793, 817.529419 7343.353516, 817.523315 7343.327148, 817.516785 7343.305664, 817.509888 7343.287109, 817.502075 7343.27002, 817.479004 7343.233887, 817.444519 7343.186523, 817.434387 7343.171387, 817.425415 7343.15625, 817.419312 7343.14502, 817.413025 7343.12793, 817.408691 7343.113281, 817.405212 7343.091797, 817.40332 7343.072266, 817.402222 7343.053711, 817.402283 7343.036621, 817.40387 7343.014648, 817.409485 7342.974609, 817.414001 7342.952637, 817.420593 7342.932129, 817.427429 7342.913574, 817.437622 7342.896484, 817.447327 7342.884277, 817.460571 7342.869141, 817.545227 7342.791016, 817.628906 7342.714355, 817.663513 7342.681641, 817.678711 7342.671387, 817.700317 7342.660156, 817.742371 7342.643066, 817.776917 7342.624512, 817.841492 7342.599121, 817.895325 7342.569336, 817.931519 7342.54834, 817.957275 7342.534668, 817.967041 7342.529785)
206083-206092	206083	206092	7.1094746999999998	1	cbg	2.0000000000000000	56	0.0000000000000000	1.0000000000000000	1.0000000000000000	0.0041230000000000	0.0000000000000000	5.9200001000000002	0.0000000000000000	0.0000000000000000	0.0000000000000000	0.0000000000000000	0.0000000000000000	0.0000000000000000	0.0000000000000000	0.0000000000000000	0.0000000000000000	0.0000000000000000	LINESTRING(836.085999 7345.959961, 836.118896 7345.981934, 836.144775 7345.99707, 836.166077 7346.009766, 836.187378 7346.022949, 836.230225 7346.047852, 836.27478 7346.072266, 836.295227 7346.08252, 836.304321 7346.086426, 836.313293 7346.091309, 836.347595 7346.105957, 836.374512 7346.117188, 836.379272 7346.119141, 836.426392 7346.136719, 836.452515 7346.14502, 836.489929 7346.155762, 836.526001 7346.165039, 836.564575 7346.17334, 836.595886 7346.178711, 836.617615 7346.181641, 836.654724 7346.186523, 836.674988 7346.188477, 836.715515 7346.19043, 836.740906 7346.191406, 836.776672 7346.191406, 836.830688 7346.19043, 836.871704 7346.187988, 836.893311 7346.186523, 836.906921 7346.18457, 836.96698 7346.174316, 836.997986 7346.16748, 837.01593 7346.162598, 837.033325 7346.158691, 837.038025 7346.157715, 837.070923 7346.148926, 837.100281 7346.140625, 837.146973 7346.127441, 837.171326 7346.121582, 837.233093 7346.103516, 837.288513 7346.09082, 837.335083 7346.08252, 837.383179 7346.07666, 837.40918 7346.073242, 837.455383 7346.066895, 837.47229 7346.064941, 837.49231 7346.061523, 837.5625 7346.053223, 837.586487 7346.049316, 837.603088 7346.047363, 837.624023 7346.044922, 837.647827 7346.041992, 837.69397 7346.035156, 837.74292 7346.028809, 837.814209 7346.019043, 837.859497 7346.013184, 837.906189 7346.006348, 837.936707 7346.003418, 837.952576 7346.002441, 837.975586 7346.000977, 838.010193 7346.000488, 838.03772 7346.000977, 838.084229 7346.003418, 838.110291 7346.005371, 838.130005 7346.006836, 838.145203 7346.008301, 838.201904 7346.01123, 838.263977 7346.011719, 838.269287 7346.012207, 838.280273 7346.011719, 838.315002 7346.009277, 838.35907 7346.005859, 838.423523 7345.998535, 838.448425 7345.996094, 838.481689 7345.993652, 838.52771 7345.992188, 838.590576 7345.993164, 838.616699 7345.995117, 838.642822 7345.998047, 838.6474 7345.998535, 838.668396 7346.001465, 838.693604 7346.004883, 838.706299 7346.007813, 838.719482 7346.009766, 838.748291 7346.016113, 838.770386 7346.021484, 838.868103 7346.046387, 838.921326 7346.05957, 838.983582 7346.075684, 839.051575 7346.093262, 839.079529 7346.100098, 839.134277 7346.114258, 839.192017 7346.128418, 839.23053 7346.138184, 839.276917 7346.149414, 839.367981 7346.172852, 839.393921 7346.178711, 839.401306 7346.180664, 839.422485 7346.186523, 839.44873 7346.192871, 839.473206 7346.199219, 839.479614 7346.201172, 839.646912 7346.243164, 839.681213 7346.251465, 839.724304 7346.262695, 839.880127 7346.302246, 839.8974 7346.306152, 839.947998 7346.317383, 839.965698 7346.319824, 839.983704 7346.323242, 840.013306 7346.328125, 840.064026 7346.334473, 840.077515 7346.335938, 840.092896 7346.337402, 840.122925 7346.339844, 840.158813 7346.341797, 840.180298 7346.342285, 840.200989 7346.342773, 840.280273 7346.344238, 840.298584 7346.344238, 840.436401 7346.345215, 840.44989 7346.344727, 840.481812 7346.345703, 840.512695 7346.345215, 840.607178 7346.345703, 840.630615 7346.346191, 840.653625 7346.345703, 840.677429 7346.346191, 840.706177 7346.34668, 840.767273 7346.346191, 840.808594 7346.345215, 840.827393 7346.34375, 840.848022 7346.341797, 840.868225 7346.340332, 840.911194 7346.336426, 840.945496 7346.333008, 840.962524 7346.331543, 840.99762 7346.32959, 841.031494 7346.330078, 841.062195 7346.332031, 841.111694 7346.337891, 841.124573 7346.339844, 841.140076 7346.342773, 841.150391 7346.344727, 841.16272 7346.348145, 841.188477 7346.354492, 841.201782 7346.358398, 841.219604 7346.36377, 841.232727 7346.368164, 841.247192 7346.372559, 841.259521 7346.377441, 841.296814 7346.38916, 841.31488 7346.395508, 841.335205 7346.401855, 841.375183 7346.415527, 841.381226 7346.417969, 841.397705 7346.422852, 841.480591 7346.450684, 841.559326 7346.477051, 841.584106 7346.484863, 841.621704 7346.497559, 841.646606 7346.506348, 841.683228 7346.517578, 841.700928 7346.522949, 841.769714 7346.541016, 841.802429 7346.548828, 841.817505 7346.551758, 841.843689 7346.557129, 841.865967 7346.560059)
206092-206083	206092	206083	7.1094746999999998	1	cbg	2.0000000000000000	56	0.0000000000000000	1.0000000000000000	0.0000000000000000	0.0000000000000000	0.0000000000000000	5.9200001000000002	0.0000000000000000	0.0000000000000000	0.0000000000000000	0.0000000000000000	0.0000000000000000	0.0000000000000000	0.0000000000000000	0.0000000000000000	0.0000000000000000	0.0000000000000000	LINESTRING(841.865967 7346.560059, 841.843689 7346.557129, 841.817505 7346.551758, 841.802429 7346.548828, 841.769714 7346.541016, 841.700928 7346.522949, 841.683228 7346.517578, 841.646606 7346.506348, 841.621704 7346.497559, 841.584106 7346.484863, 841.559326 7346.477051, 841.480591 7346.450684, 841.397705 7346.422852, 841.381226 7346.417969, 841.375183 7346.415527, 841.335205 7346.401855, 841.31488 7346.395508, 841.296814 7346.38916, 841.259521 7346.377441, 841.247192 7346.372559, 841.232727 7346.368164, 841.219604 7346.36377, 841.201782 7346.358398, 841.188477 7346.354492, 841.16272 7346.348145, 841.150391 7346.344727, 841.140076 7346.342773, 841.124573 7346.339844, 841.111694 7346.337891, 841.062195 7346.332031, 841.031494 7346.330078, 840.99762 7346.32959, 840.962524 7346.331543, 840.945496 7346.333008, 840.911194 7346.336426, 840.868225 7346.340332, 840.848022 7346.341797, 840.827393 7346.34375, 840.808594 7346.345215, 840.767273 7346.346191, 840.706177 7346.34668, 840.677429 7346.346191, 840.653625 7346.345703, 840.630615 7346.346191, 840.607178 7346.345703, 840.512695 7346.345215, 840.481812 7346.345703, 840.44989 7346.344727, 840.436401 7346.345215, 840.298584 7346.344238, 840.280273 7346.344238, 840.200989 7346.342773, 840.180298 7346.342285, 840.158813 7346.341797, 840.122925 7346.339844, 840.092896 7346.337402, 840.077515 7346.335938, 840.064026 7346.334473, 840.013306 7346.328125, 839.983704 7346.323242, 839.965698 7346.319824, 839.947998 7346.317383, 839.8974 7346.306152, 839.880127 7346.302246, 839.724304 7346.262695, 839.681213 7346.251465, 839.646912 7346.243164, 839.479614 7346.201172, 839.473206 7346.199219, 839.44873 7346.192871, 839.422485 7346.186523, 839.401306 7346.180664, 839.393921 7346.178711, 839.367981 7346.172852, 839.276917 7346.149414, 839.23053 7346.138184, 839.192017 7346.128418, 839.134277 7346.114258, 839.079529 7346.100098, 839.051575 7346.093262, 838.983582 7346.075684, 838.921326 7346.05957, 838.868103 7346.046387, 838.770386 7346.021484, 838.748291 7346.016113, 838.719482 7346.009766, 838.706299 7346.007813, 838.693604 7346.004883, 838.668396 7346.001465, 838.6474 7345.998535, 838.642822 7345.998047, 838.616699 7345.995117, 838.590576 7345.993164, 838.52771 7345.992188, 838.481689 7345.993652, 838.448425 7345.996094, 838.423523 7345.998535, 838.35907 7346.005859, 838.315002 7346.009277, 838.280273 7346.011719, 838.269287 7346.012207, 838.263977 7346.011719, 838.201904 7346.01123, 838.145203 7346.008301, 838.130005 7346.006836, 838.110291 7346.005371, 838.084229 7346.003418, 838.03772 7346.000977, 838.010193 7346.000488, 837.975586 7346.000977, 837.952576 7346.002441, 837.936707 7346.003418, 837.906189 7346.006348, 837.859497 7346.013184, 837.814209 7346.019043, 837.74292 7346.028809, 837.69397 7346.035156, 837.647827 7346.041992, 837.624023 7346.044922, 837.603088 7346.047363, 837.586487 7346.049316, 837.5625 7346.053223, 837.49231 7346.061523, 837.47229 7346.064941, 837.455383 7346.066895, 837.40918 7346.073242, 837.383179 7346.07666, 837.335083 7346.08252, 837.288513 7346.09082, 837.233093 7346.103516, 837.171326 7346.121582, 837.146973 7346.127441, 837.100281 7346.140625, 837.070923 7346.148926, 837.038025 7346.157715, 837.033325 7346.158691, 837.01593 7346.162598, 836.997986 7346.16748, 836.96698 7346.174316, 836.906921 7346.18457, 836.893311 7346.186523, 836.871704 7346.187988, 836.830688 7346.19043, 836.776672 7346.191406, 836.740906 7346.191406, 836.715515 7346.19043, 836.674988 7346.188477, 836.654724 7346.186523, 836.617615 7346.181641, 836.595886 7346.178711, 836.564575 7346.17334, 836.526001 7346.165039, 836.489929 7346.155762, 836.452515 7346.14502, 836.426392 7346.136719, 836.379272 7346.119141, 836.374512 7346.117188, 836.347595 7346.105957, 836.313293 7346.091309, 836.304321 7346.086426, 836.295227 7346.08252, 836.27478 7346.072266, 836.230225 7346.047852, 836.187378 7346.022949, 836.166077 7346.009766, 836.144775 7345.99707, 836.118896 7345.981934, 836.085999 7345.959961)
206283-206315	206283	206315	5.5297437000000000	1	cbg	2.0000000000000000	64	0.0000000000000000	1.0000000000000000	1.0000000000000000	0.0053591000000000	0.0000000000000000	4.6100000999999997	0.0000000000000000	0.0000000000000000	0.0000000000000000	0.0000000000000000	0.0000000000000000	0.0000000000000000	0.0000000000000000	0.0000000000000000	0.0000000000000000	0.0000000000000000	LINESTRING(820.780029 7361.439941, 820.78949 7361.442383, 820.809814 7361.454102, 820.83667 7361.470703, 820.862671 7361.487793, 820.896484 7361.507324, 820.924805 7361.530762, 820.947571 7361.553711, 820.960083 7361.57666, 820.96283 7361.588379, 820.965271 7361.598633, 820.967529 7361.628906, 820.966003 7361.638184, 820.961487 7361.665039, 820.959229 7361.686035, 820.950989 7361.744141, 820.942383 7361.806641, 820.940002 7361.838867, 820.942322 7361.861816, 820.94751 7361.880371, 820.957214 7361.900879, 820.97583 7361.928711, 821.02301 7361.979004, 821.078491 7362.037109, 821.127319 7362.087402, 821.172485 7362.135254, 821.215881 7362.182129, 821.276306 7362.244141, 821.34082 7362.312012, 821.408508 7362.384277, 821.464294 7362.442383, 821.522095 7362.500977, 821.598572 7362.580078, 821.656799 7362.641602, 821.700073 7362.688965, 821.724915 7362.713379, 821.743591 7362.73584, 821.780273 7362.776855, 821.809998 7362.82373, 821.832275 7362.875, 821.856018 7362.924805, 821.87323 7362.95752, 821.901794 7362.996094, 821.947571 7363.047363, 821.994995 7363.099609, 821.995972 7363.101074, 822.047485 7363.158203, 822.106506 7363.223633, 822.168274 7363.291992, 822.22229 7363.351563, 822.295471 7363.430664, 822.346619 7363.487793, 822.39563 7363.539551, 822.421326 7363.568848, 822.452271 7363.60791, 822.481995 7363.657715, 822.504211 7363.709961, 822.532715 7363.779785, 822.556519 7363.837891, 822.571716 7363.869141, 822.583374 7363.89209, 822.599182 7363.906738, 822.632874 7363.930664, 822.698608 7363.95459, 822.769775 7363.978027, 822.879822 7364.018555, 822.968628 7364.049316, 823.00647 7364.062012, 823.046326 7364.07666, 823.083984 7364.088867, 823.119324 7364.101563, 823.148376 7364.111816, 823.177429 7364.123047, 823.211975 7364.140137, 823.241577 7364.161621, 823.273193 7364.190918, 823.30957 7364.23584, 823.34198 7364.275391, 823.380371 7364.321289, 823.411011 7364.35498, 823.437073 7364.378906, 823.460205 7364.393555, 823.503113 7364.411133, 823.549377 7364.42041, 823.595093 7364.425781, 823.704407 7364.43457, 823.783508 7364.441406, 823.859009 7364.446777, 823.875977 7364.449707)
206315-206283	206315	206283	5.5297437000000000	1	cbg	2.0000000000000000	64	0.0000000000000000	1.0000000000000000	0.0000000000000000	0.0000035000000000	0.0000000000000000	4.6100000999999997	0.0000000000000000	0.0000000000000000	0.0000000000000000	0.0000000000000000	0.0000000000000000	0.0000000000000000	0.0000000000000000	0.0000000000000000	0.0000000000000000	0.0000000000000000	LINESTRING(823.875977 7364.449707, 823.859009 7364.446777, 823.783508 7364.441406, 823.704407 7364.43457, 823.595093 7364.425781, 823.549377 7364.42041, 823.503113 7364.411133, 823.460205 7364.393555, 823.437073 7364.378906, 823.411011 7364.35498, 823.380371 7364.321289, 823.34198 7364.275391, 823.30957 7364.23584, 823.273193 7364.190918, 823.241577 7364.161621, 823.211975 7364.140137, 823.177429 7364.123047, 823.148376 7364.111816, 823.119324 7364.101563, 823.083984 7364.088867, 823.046326 7364.07666, 823.00647 7364.062012, 822.968628 7364.049316, 822.879822 7364.018555, 822.769775 7363.978027, 822.698608 7363.95459, 822.632874 7363.930664, 822.599182 7363.906738, 822.583374 7363.89209, 822.571716 7363.869141, 822.556519 7363.837891, 822.532715 7363.779785, 822.504211 7363.709961, 822.481995 7363.657715, 822.452271 7363.60791, 822.421326 7363.568848, 822.39563 7363.539551, 822.346619 7363.487793, 822.295471 7363.430664, 822.22229 7363.351563, 822.168274 7363.291992, 822.106506 7363.223633, 822.047485 7363.158203, 821.995972 7363.101074, 821.994995 7363.099609, 821.947571 7363.047363, 821.901794 7362.996094, 821.87323 7362.95752, 821.856018 7362.924805, 821.832275 7362.875, 821.809998 7362.82373, 821.780273 7362.776855, 821.743591 7362.73584, 821.724915 7362.713379, 821.700073 7362.688965, 821.656799 7362.641602, 821.598572 7362.580078, 821.522095 7362.500977, 821.464294 7362.442383, 821.408508 7362.384277, 821.34082 7362.312012, 821.276306 7362.244141, 821.215881 7362.182129, 821.172485 7362.135254, 821.127319 7362.087402, 821.078491 7362.037109, 821.02301 7361.979004, 820.97583 7361.928711, 820.957214 7361.900879, 820.94751 7361.880371, 820.942322 7361.861816, 820.940002 7361.838867, 820.942383 7361.806641, 820.950989 7361.744141, 820.959229 7361.686035, 820.961487 7361.665039, 820.966003 7361.638184, 820.967529 7361.628906, 820.965271 7361.598633, 820.96283 7361.588379, 820.960083 7361.57666, 820.947571 7361.553711, 820.924805 7361.530762, 820.896484 7361.507324, 820.862671 7361.487793, 820.83667 7361.470703, 820.809814 7361.454102, 820.78949 7361.442383, 820.780029 7361.439941)
206338-206350	206338	206350	1.3602325000000000	1	cbg	2.0000000000000000	64	0.0000000000000000	1.0000000000000000	1.0000000000000000	0.0000000000000000	0.0000000000000000	1.1299999999999999	0.0000000000000000	0.0000000000000000	0.0000000000000000	0.0000000000000000	0.0000000000000000	0.0000000000000000	0.0000000000000000	0.0000000000000000	0.0000000000000000	0.0000000000000000	LINESTRING(817.242004 7367.790039, 817.230774 7367.826172, 817.202881 7367.916504, 817.178772 7367.985352, 817.161804 7368.018555, 817.143127 7368.047852, 817.098511 7368.098633, 817.030823 7368.173828, 816.985901 7368.223633, 816.933411 7368.280762, 816.877319 7368.341797, 816.834412 7368.388184, 816.796387 7368.431152, 816.759888 7368.470703, 816.713074 7368.523438, 816.666992 7368.572266, 816.613525 7368.629883, 816.565979 7368.680176)
206350-206338	206350	206338	1.3602325000000000	1	cbg	2.0000000000000000	64	0.0000000000000000	1.0000000000000000	0.0000000000000000	0.0000000000000000	0.0000000000000000	1.1299999999999999	0.0000000000000000	0.0000000000000000	0.0000000000000000	0.0000000000000000	0.0000000000000000	0.0000000000000000	0.0000000000000000	0.0000000000000000	0.0000000000000000	0.0000000000000000	LINESTRING(816.565979 7368.680176, 816.613525 7368.629883, 816.666992 7368.572266, 816.713074 7368.523438, 816.759888 7368.470703, 816.796387 7368.431152, 816.834412 7368.388184, 816.877319 7368.341797, 816.933411 7368.280762, 816.985901 7368.223633, 817.030823 7368.173828, 817.098511 7368.098633, 817.143127 7368.047852, 817.161804 7368.018555, 817.178772 7367.985352, 817.202881 7367.916504, 817.230774 7367.826172, 817.242004 7367.790039)
