OBJECTID	Shape_Leng	Shape_Area	i	geometry
1	366105.8018189999856986	3952898447.4800000190734863	958001	POINT(831.557 7292.1)
1	366105.8018189999856986	3952898447.4800000190734863	958002	POINT(829.889 7293.028)
1	366105.8018189999856986	3952898447.4800000190734863	958003	POINT(812.027 7288.792)
1	366105.8018189999856986	3952898447.4800000190734863	958004	POINT(815.063 7287.514)
1	366105.8018189999856986	3952898447.4800000190734863	958005	POINT(815.171 7297.952)
1	366105.8018189999856986	3952898447.4800000190734863	958006	POINT(832.585 7299.023)
1	366105.8018189999856986	3952898447.4800000190734863	958007	POINT(826.745 7291.197)
1	366105.8018189999856986	3952898447.4800000190734863	958008	POINT(827.092 7290.985)
1	366105.8018189999856986	3952898447.4800000190734863	958009	POINT(830.164 7295.442)
1	366105.8018189999856986	3952898447.4800000190734863	958010	POINT(829.879 7295.976)
1	366105.8018189999856986	3952898447.4800000190734863	958012	POINT(830.333 7296.245)
1	366105.8018189999856986	3952898447.4800000190734863	958013	POINT(828.183 7298.138)
1	366105.8018189999856986	3952898447.4800000190734863	958014	POINT(832.183 7292.676)
1	366105.8018189999856986	3952898447.4800000190734863	958015	POINT(829.073 7292.09)
1	366105.8018189999856986	3952898447.4800000190734863	958016	POINT(828.714 7292.268)
1	366105.8018189999856986	3952898447.4800000190734863	958017	POINT(829.523 7292.267)
1	366105.8018189999856986	3952898447.4800000190734863	958018	POINT(829.244 7293.066)
1	366105.8018189999856986	3952898447.4800000190734863	958019	POINT(831.795 7291.853)
1	366105.8018189999856986	3952898447.4800000190734863	958020	POINT(822.857 7297.224)
1	366105.8018189999856986	3952898447.4800000190734863	958021	POINT(813.919 7283.674)
1	366105.8018189999856986	3952898447.4800000190734863	958022	POINT(831.66 7292.609)
1	366105.8018189999856986	3952898447.4800000190734863	958023	POINT(821.811 7298.175)
1	366105.8018189999856986	3952898447.4800000190734863	958024	POINT(823.768 7291.891)
1	366105.8018189999856986	3952898447.4800000190734863	958025	POINT(827.985 7296.054)
1	366105.8018189999856986	3952898447.4800000190734863	958027	POINT(835.63 7297.481)
1	366105.8018189999856986	3952898447.4800000190734863	958029	POINT(832.996 7293.038)
1	366105.8018189999856986	3952898447.4800000190734863	958031	POINT(834.073 7292.916)
1	366105.8018189999856986	3952898447.4800000190734863	958032	POINT(834.32 7292.688)
1	366105.8018189999856986	3952898447.4800000190734863	958033	POINT(834.583 7292.431)
1	366105.8018189999856986	3952898447.4800000190734863	958034	POINT(839.152 7326.931)
1	366105.8018189999856986	3952898447.4800000190734863	958035	POINT(829.15 7294.208)
1	366105.8018189999856986	3952898447.4800000190734863	958037	POINT(795.093 7294.537)
1	366105.8018189999856986	3952898447.4800000190734863	958038	POINT(829.43 7294.479)
1	366105.8018189999856986	3952898447.4800000190734863	958039	POINT(826.861 7294.527)
1	366105.8018189999856986	3952898447.4800000190734863	958041	POINT(831.291 7291.668)
1	366105.8018189999856986	3952898447.4800000190734863	958042	POINT(832.83 7293.832)
1	366105.8018189999856986	3952898447.4800000190734863	958043	POINT(830.404 7294.43)
1	366105.8018189999856986	3952898447.4800000190734863	958044	POINT(830.419 7292.193)
1	366105.8018189999856986	3952898447.4800000190734863	958045	POINT(829.473 7293.695)
1	366105.8018189999856986	3952898447.4800000190734863	958047	POINT(824.09 7333.276)
1	366105.8018189999856986	3952898447.4800000190734863	958048	POINT(832.182 7306.678)
1	366105.8018189999856986	3952898447.4800000190734863	958051	POINT(828.978 7295.948)
1	366105.8018189999856986	3952898447.4800000190734863	958052	POINT(832.244 7323.257)
1	366105.8018189999856986	3952898447.4800000190734863	958053	POINT(827.711 7294.069)
1	366105.8018189999856986	3952898447.4800000190734863	958054	POINT(825.349 7301.323)
1	366105.8018189999856986	3952898447.4800000190734863	958055	POINT(829.588 7292.024)
1	366105.8018189999856986	3952898447.4800000190734863	958056	POINT(830.818 7292.625)
1	366105.8018189999856986	3952898447.4800000190734863	958057	POINT(822.677 7312.693)
1	366105.8018189999856986	3952898447.4800000190734863	958058	POINT(831.239 7293.428)
1	366105.8018189999856986	3952898447.4800000190734863	958059	POINT(821.115 7298.435)
1	366105.8018189999856986	3952898447.4800000190734863	958060	POINT(829.705 7296.354)
1	366105.8018189999856986	3952898447.4800000190734863	958062	POINT(832.258 7287.23)
1	366105.8018189999856986	3952898447.4800000190734863	958063	POINT(827.702 7290.566)
1	366105.8018189999856986	3952898447.4800000190734863	958064	POINT(828.051 7290.722)
1	366105.8018189999856986	3952898447.4800000190734863	958065	POINT(828.897 7291.733)
1	366105.8018189999856986	3952898447.4800000190734863	958066	POINT(828.272 7293.675)
1	366105.8018189999856986	3952898447.4800000190734863	958067	POINT(819.495 7298.975)
1	366105.8018189999856986	3952898447.4800000190734863	958068	POINT(818.477 7299.843)
1	366105.8018189999856986	3952898447.4800000190734863	958069	POINT(818.068 7300.949)
1	366105.8018189999856986	3952898447.4800000190734863	958070	POINT(833.468 7293.46)
1	366105.8018189999856986	3952898447.4800000190734863	958071	POINT(833.711 7293.199)
1	366105.8018189999856986	3952898447.4800000190734863	958072	POINT(826.777 7294.936)
1	366105.8018189999856986	3952898447.4800000190734863	958073	POINT(824.165 7295.532)
1	366105.8018189999856986	3952898447.4800000190734863	958074	POINT(828.689 7296.327)
1	366105.8018189999856986	3952898447.4800000190734863	958075	POINT(828.228 7296.779)
1	366105.8018189999856986	3952898447.4800000190734863	958081	POINT(831.441 7296.87)
1	366105.8018189999856986	3952898447.4800000190734863	958082	POINT(826.257 7290.598)
1	366105.8018189999856986	3952898447.4800000190734863	958083	POINT(830.712 7297.335)
1	366105.8018189999856986	3952898447.4800000190734863	958084	POINT(829.495 7292.594)
1	366105.8018189999856986	3952898447.4800000190734863	958085	POINT(828.261 7287.17)
1	366105.8018189999856986	3952898447.4800000190734863	958086	POINT(819.49 7285.446)
1	366105.8018189999856986	3952898447.4800000190734863	958087	POINT(839.072 7289.611)
1	366105.8018189999856986	3952898447.4800000190734863	958088	POINT(825.75 7353.525)
1	366105.8018189999856986	3952898447.4800000190734863	958089	POINT(831.888 7313.669)
1	366105.8018189999856986	3952898447.4800000190734863	958090	POINT(820.648 7316.532)
1	366105.8018189999856986	3952898447.4800000190734863	958091	POINT(831.23 7296.379)
1	366105.8018189999856986	3952898447.4800000190734863	958092	POINT(832.395 7289.894)
1	366105.8018189999856986	3952898447.4800000190734863	958093	POINT(827.505 7294.933)
1	366105.8018189999856986	3952898447.4800000190734863	958094	POINT(848.341 7288.156)
1	366105.8018189999856986	3952898447.4800000190734863	958095	POINT(822.979 7298.3)
1	366105.8018189999856986	3952898447.4800000190734863	958096	POINT(828.767 7293.976)
1	366105.8018189999856986	3952898447.4800000190734863	95001	POINT(815.1026 7298.445801)
1	366105.8018189999856986	3952898447.4800000190734863	95101	POINT(815.198364 7301.382324)
1	366105.8018189999856986	3952898447.4800000190734863	95132	POINT(824.292352 7295.640111)
1	366105.8018189999856986	3952898447.4800000190734863	95133	POINT(824.357616 7295.167068)
1	366105.8018189999856986	3952898447.4800000190734863	95134	POINT(823.929077 7295.150391)
1	366105.8018189999856986	3952898447.4800000190734863	95135	POINT(826.488113 7295.330984)
1	366105.8018189999856986	3952898447.4800000190734863	95136	POINT(826.339176 7295.536405)
1	366105.8018189999856986	3952898447.4800000190734863	95137	POINT(826.444835 7289.981183)
1	366105.8018189999856986	3952898447.4800000190734863	95140	POINT(827.604847 7295.177852)
1	366105.8018189999856986	3952898447.4800000190734863	95141	POINT(827.369974 7295.26528)
1	366105.8018189999856986	3952898447.4800000190734863	95142	POINT(827.238076 7295.324566)
1	366105.8018189999856986	3952898447.4800000190734863	95143	POINT(826.997475 7295.318965)
1	366105.8018189999856986	3952898447.4800000190734863	95144	POINT(826.705155 7295.481429)
1	366105.8018189999856986	3952898447.4800000190734863	203747	POINT(823.531006 7272.97998)
1	366105.8018189999856986	3952898447.4800000190734863	203757	POINT(823.325989 7273.489746)
1	366105.8018189999856986	3952898447.4800000190734863	203772	POINT(818.404053 7274.359863)
1	366105.8018189999856986	3952898447.4800000190734863	203839	POINT(820.122986 7277.680176)
1	366105.8018189999856986	3952898447.4800000190734863	203840	POINT(819.790039 7277.77002)
1	366105.8018189999856986	3952898447.4800000190734863	203858	POINT(811.491028 7278.560059)
1	366105.8018189999856986	3952898447.4800000190734863	203868	POINT(821.913025 7279.060059)
1	366105.8018189999856986	3952898447.4800000190734863	203876	POINT(812.238037 7279.689941)
1	366105.8018189999856986	3952898447.4800000190734863	203882	POINT(819.032043 7280)
1	366105.8018189999856986	3952898447.4800000190734863	203886	POINT(818.958984 7280.069824)
1	366105.8018189999856986	3952898447.4800000190734863	203892	POINT(812.557983 7280.280273)
1	366105.8018189999856986	3952898447.4800000190734863	203913	POINT(820.233032 7280.629883)
1	366105.8018189999856986	3952898447.4800000190734863	203965	POINT(817.421021 7281.709961)
1	366105.8018189999856986	3952898447.4800000190734863	203971	POINT(817.372986 7281.77002)
1	366105.8018189999856986	3952898447.4800000190734863	203986	POINT(812.86499 7282.029785)
1	366105.8018189999856986	3952898447.4800000190734863	204003	POINT(813.286011 7282.459961)
1	366105.8018189999856986	3952898447.4800000190734863	204005	POINT(812.858948 7282.509766)
1	366105.8018189999856986	3952898447.4800000190734863	204011	POINT(813.378967 7282.709961)
1	366105.8018189999856986	3952898447.4800000190734863	204024	POINT(815.958984 7283.22998)
1	366105.8018189999856986	3952898447.4800000190734863	204027	POINT(807.447021 7283.369629)
1	366105.8018189999856986	3952898447.4800000190734863	204029	POINT(807.370972 7283.399902)
1	366105.8018189999856986	3952898447.4800000190734863	204033	POINT(813.846985 7283.700195)
1	366105.8018189999856986	3952898447.4800000190734863	204034	POINT(813.86499 7283.740234)
1	366105.8018189999856986	3952898447.4800000190734863	204036	POINT(812.612 7283.889648)
1	366105.8018189999856986	3952898447.4800000190734863	204037	POINT(814.229004 7283.959961)
1	366105.8018189999856986	3952898447.4800000190734863	204038	POINT(814.587036 7283.989746)
1	366105.8018189999856986	3952898447.4800000190734863	204039	POINT(813.998047 7284)
1	366105.8018189999856986	3952898447.4800000190734863	204041	POINT(814.457031 7284.069824)
1	366105.8018189999856986	3952898447.4800000190734863	204042	POINT(814.430054 7284.080078)
1	366105.8018189999856986	3952898447.4800000190734863	204043	POINT(814.340942 7284.129883)
1	366105.8018189999856986	3952898447.4800000190734863	204046	POINT(813.61499 7284.379883)
1	366105.8018189999856986	3952898447.4800000190734863	204047	POINT(813.291016 7284.429688)
1	366105.8018189999856986	3952898447.4800000190734863	204048	POINT(813.332031 7284.5)
1	366105.8018189999856986	3952898447.4800000190734863	204052	POINT(813.477051 7284.560059)
1	366105.8018189999856986	3952898447.4800000190734863	204053	POINT(813.187988 7284.600098)
1	366105.8018189999856986	3952898447.4800000190734863	204055	POINT(813.476013 7284.609863)
1	366105.8018189999856986	3952898447.4800000190734863	204057	POINT(813.424072 7284.629883)
1	366105.8018189999856986	3952898447.4800000190734863	204059	POINT(813.275024 7284.709961)
1	366105.8018189999856986	3952898447.4800000190734863	204060	POINT(813.520996 7284.75)
1	366105.8018189999856986	3952898447.4800000190734863	204064	POINT(813.084045 7284.879883)
1	366105.8018189999856986	3952898447.4800000190734863	204065	POINT(826.039001 7284.909668)
1	366105.8018189999856986	3952898447.4800000190734863	204070	POINT(819.757019 7285.080078)
1	366105.8018189999856986	3952898447.4800000190734863	204071	POINT(819.615967 7285.149902)
1	366105.8018189999856986	3952898447.4800000190734863	204073	POINT(819.550964 7285.169922)
1	366105.8018189999856986	3952898447.4800000190734863	204075	POINT(819.419006 7285.22998)
1	366105.8018189999856986	3952898447.4800000190734863	204076	POINT(819.346985 7285.260254)
1	366105.8018189999856986	3952898447.4800000190734863	204079	POINT(825.700012 7285.359863)
1	366105.8018189999856986	3952898447.4800000190734863	204080	POINT(825.296021 7285.459961)
1	366105.8018189999856986	3952898447.4800000190734863	204083	POINT(818.73999 7285.529785)
1	366105.8018189999856986	3952898447.4800000190734863	204084	POINT(818.607971 7285.589844)
1	366105.8018189999856986	3952898447.4800000190734863	204086	POINT(812.220032 7285.629883)
1	366105.8018189999856986	3952898447.4800000190734863	204087	POINT(825.444031 7285.629883)
1	366105.8018189999856986	3952898447.4800000190734863	204088	POINT(825.465027 7285.660156)
1	366105.8018189999856986	3952898447.4800000190734863	204089	POINT(812.114014 7285.720215)
1	366105.8018189999856986	3952898447.4800000190734863	204090	POINT(825.524048 7285.720215)
1	366105.8018189999856986	3952898447.4800000190734863	204092	POINT(818.044983 7285.82959)
1	366105.8018189999856986	3952898447.4800000190734863	204094	POINT(825.656982 7285.909668)
1	366105.8018189999856986	3952898447.4800000190734863	204095	POINT(817.902039 7285.919922)
1	366105.8018189999856986	3952898447.4800000190734863	204096	POINT(811.89502 7285.989746)
1	366105.8018189999856986	3952898447.4800000190734863	204100	POINT(818.421021 7286.100098)
1	366105.8018189999856986	3952898447.4800000190734863	204101	POINT(825.795044 7286.100098)
1	366105.8018189999856986	3952898447.4800000190734863	204102	POINT(825.830994 7286.140137)
1	366105.8018189999856986	3952898447.4800000190734863	204103	POINT(825.894043 7286.220215)
1	366105.8018189999856986	3952898447.4800000190734863	204110	POINT(815.913025 7286.740234)
1	366105.8018189999856986	3952898447.4800000190734863	204111	POINT(815.592041 7286.80957)
1	366105.8018189999856986	3952898447.4800000190734863	204112	POINT(815.777039 7286.82959)
1	366105.8018189999856986	3952898447.4800000190734863	204114	POINT(812.024048 7286.939941)
1	366105.8018189999856986	3952898447.4800000190734863	204115	POINT(815.747009 7286.939941)
1	366105.8018189999856986	3952898447.4800000190734863	204118	POINT(815.572021 7287.060059)
1	366105.8018189999856986	3952898447.4800000190734863	204119	POINT(815.822998 7287.169922)
1	366105.8018189999856986	3952898447.4800000190734863	204120	POINT(815.037048 7287.220215)
1	366105.8018189999856986	3952898447.4800000190734863	204121	POINT(818.254028 7287.25)
1	366105.8018189999856986	3952898447.4800000190734863	204124	POINT(818.252014 7287.290039)
1	366105.8018189999856986	3952898447.4800000190734863	204125	POINT(815.155945 7287.339844)
1	366105.8018189999856986	3952898447.4800000190734863	204126	POINT(818.248962 7287.349609)
1	366105.8018189999856986	3952898447.4800000190734863	204127	POINT(815.190002 7287.379883)
1	366105.8018189999856986	3952898447.4800000190734863	204129	POINT(814.939026 7287.5)
1	366105.8018189999856986	3952898447.4800000190734863	204132	POINT(826.299988 7287.529785)
1	366105.8018189999856986	3952898447.4800000190734863	204134	POINT(814.705017 7287.560059)
1	366105.8018189999856986	3952898447.4800000190734863	204135	POINT(814.532043 7287.580078)
1	366105.8018189999856986	3952898447.4800000190734863	204146	POINT(813.112 7287.97998)
1	366105.8018189999856986	3952898447.4800000190734863	204147	POINT(812.91803 7288.029785)
1	366105.8018189999856986	3952898447.4800000190734863	204148	POINT(812.945007 7288.069824)
1	366105.8018189999856986	3952898447.4800000190734863	204149	POINT(812.671997 7288.220215)
1	366105.8018189999856986	3952898447.4800000190734863	204150	POINT(812.627014 7288.240234)
1	366105.8018189999856986	3952898447.4800000190734863	204151	POINT(828.647949 7288.260254)
1	366105.8018189999856986	3952898447.4800000190734863	204152	POINT(828.495056 7288.319824)
1	366105.8018189999856986	3952898447.4800000190734863	204153	POINT(828.505005 7288.32959)
1	366105.8018189999856986	3952898447.4800000190734863	204155	POINT(828.442017 7288.369629)
1	366105.8018189999856986	3952898447.4800000190734863	204159	POINT(828.440979 7288.399902)
1	366105.8018189999856986	3952898447.4800000190734863	204160	POINT(828.43103 7288.399902)
1	366105.8018189999856986	3952898447.4800000190734863	204161	POINT(828.505005 7288.509766)
1	366105.8018189999856986	3952898447.4800000190734863	204162	POINT(828.518982 7288.529785)
1	366105.8018189999856986	3952898447.4800000190734863	204164	POINT(828.547974 7288.569824)
1	366105.8018189999856986	3952898447.4800000190734863	204165	POINT(812.257019 7288.580078)
1	366105.8018189999856986	3952898447.4800000190734863	204166	POINT(826.448975 7288.589844)
1	366105.8018189999856986	3952898447.4800000190734863	204167	POINT(828.513 7288.600098)
1	366105.8018189999856986	3952898447.4800000190734863	204168	POINT(812.31897 7288.660156)
1	366105.8018189999856986	3952898447.4800000190734863	204169	POINT(812.149963 7288.689941)
1	366105.8018189999856986	3952898447.4800000190734863	204170	POINT(828.411011 7288.689941)
1	366105.8018189999856986	3952898447.4800000190734863	204172	POINT(839.867981 7288.760254)
1	366105.8018189999856986	3952898447.4800000190734863	204174	POINT(811.888 7288.839844)
1	366105.8018189999856986	3952898447.4800000190734863	204176	POINT(811.679993 7288.859863)
1	366105.8018189999856986	3952898447.4800000190734863	204178	POINT(840.035034 7288.899902)
1	366105.8018189999856986	3952898447.4800000190734863	204179	POINT(818.315002 7288.899902)
1	366105.8018189999856986	3952898447.4800000190734863	204186	POINT(841.002991 7289.389648)
1	366105.8018189999856986	3952898447.4800000190734863	204187	POINT(833.485046 7289.399902)
1	366105.8018189999856986	3952898447.4800000190734863	204188	POINT(827.334045 7289.409668)
1	366105.8018189999856986	3952898447.4800000190734863	204189	POINT(826.327026 7289.47998)
1	366105.8018189999856986	3952898447.4800000190734863	204190	POINT(833.368958 7289.47998)
1	366105.8018189999856986	3952898447.4800000190734863	204192	POINT(833.328003 7289.540039)
1	366105.8018189999856986	3952898447.4800000190734863	204194	POINT(827.062727 7289.668417)
1	366105.8018189999856986	3952898447.4800000190734863	204200	POINT(826.041197 7290.011478)
1	366105.8018189999856986	3952898447.4800000190734863	204202	POINT(833.325989 7290.25)
1	366105.8018189999856986	3952898447.4800000190734863	204203	POINT(828.190979 7290.260254)
1	366105.8018189999856986	3952898447.4800000190734863	204208	POINT(825.920044 7290.30957)
1	366105.8018189999856986	3952898447.4800000190734863	204209	POINT(833.244019 7290.349609)
1	366105.8018189999856986	3952898447.4800000190734863	204210	POINT(811.999023 7290.449707)
1	366105.8018189999856986	3952898447.4800000190734863	204212	POINT(811.924072 7290.669922)
1	366105.8018189999856986	3952898447.4800000190734863	204215	POINT(827.880981 7290.720215)
1	366105.8018189999856986	3952898447.4800000190734863	204216	POINT(811.912048 7290.75)
1	366105.8018189999856986	3952898447.4800000190734863	204217	POINT(837.302979 7290.97998)
1	366105.8018189999856986	3952898447.4800000190734863	204218	POINT(827.427063 7291.009766)
1	366105.8018189999856986	3952898447.4800000190734863	204219	POINT(831.815002 7291.02002)
1	366105.8018189999856986	3952898447.4800000190734863	204222	POINT(826.578979 7291.25)
1	366105.8018189999856986	3952898447.4800000190734863	204225	POINT(826.835999 7291.27002)
1	366105.8018189999856986	3952898447.4800000190734863	204226	POINT(827.057007 7291.27002)
1	366105.8018189999856986	3952898447.4800000190734863	204227	POINT(827.210022 7291.280273)
1	366105.8018189999856986	3952898447.4800000190734863	204228	POINT(827.205017 7291.290039)
1	366105.8018189999856986	3952898447.4800000190734863	204229	POINT(831.744995 7291.30957)
1	366105.8018189999856986	3952898447.4800000190734863	204230	POINT(822.415039 7291.319824)
1	366105.8018189999856986	3952898447.4800000190734863	204231	POINT(827.496033 7291.359863)
1	366105.8018189999856986	3952898447.4800000190734863	204232	POINT(822.244995 7291.389648)
1	366105.8018189999856986	3952898447.4800000190734863	204233	POINT(826.028992 7291.389648)
1	366105.8018189999856986	3952898447.4800000190734863	204235	POINT(827.632996 7291.409668)
1	366105.8018189999856986	3952898447.4800000190734863	204236	POINT(825.088989 7291.47998)
1	366105.8018189999856986	3952898447.4800000190734863	204239	POINT(836.325989 7291.600098)
1	366105.8018189999856986	3952898447.4800000190734863	204240	POINT(811.447998 7291.660156)
1	366105.8018189999856986	3952898447.4800000190734863	204241	POINT(828.359985 7291.689941)
1	366105.8018189999856986	3952898447.4800000190734863	204242	POINT(823.419006 7291.700195)
1	366105.8018189999856986	3952898447.4800000190734863	204243	POINT(828.570007 7291.77002)
1	366105.8018189999856986	3952898447.4800000190734863	204244	POINT(831.588989 7291.790039)
1	366105.8018189999856986	3952898447.4800000190734863	204246	POINT(823.697021 7291.80957)
1	366105.8018189999856986	3952898447.4800000190734863	204247	POINT(828.669983 7291.80957)
1	366105.8018189999856986	3952898447.4800000190734863	204248	POINT(828.708008 7291.82959)
1	366105.8018189999856986	3952898447.4800000190734863	204251	POINT(823.524048 7291.849609)
1	366105.8018189999856986	3952898447.4800000190734863	204252	POINT(831.5 7291.869629)
1	366105.8018189999856986	3952898447.4800000190734863	204255	POINT(829.050964 7291.909668)
1	366105.8018189999856986	3952898447.4800000190734863	204256	POINT(829.040955 7291.919922)
1	366105.8018189999856986	3952898447.4800000190734863	204259	POINT(823.597046 7291.949707)
1	366105.8018189999856986	3952898447.4800000190734863	204260	POINT(822.697998 7291.959961)
1	366105.8018189999856986	3952898447.4800000190734863	204261	POINT(822.864014 7291.969727)
1	366105.8018189999856986	3952898447.4800000190734863	204263	POINT(823.457031 7291.97998)
1	366105.8018189999856986	3952898447.4800000190734863	204265	POINT(831.154968 7292.02002)
1	366105.8018189999856986	3952898447.4800000190734863	204267	POINT(831.252014 7292.080078)
1	366105.8018189999856986	3952898447.4800000190734863	204270	POINT(831.171997 7292.140137)
1	366105.8018189999856986	3952898447.4800000190734863	204271	POINT(829.920044 7292.149902)
1	366105.8018189999856986	3952898447.4800000190734863	204272	POINT(829.981018 7292.160156)
1	366105.8018189999856986	3952898447.4800000190734863	204274	POINT(835.479004 7292.189941)
1	366105.8018189999856986	3952898447.4800000190734863	204275	POINT(828.986023 7292.189941)
1	366105.8018189999856986	3952898447.4800000190734863	204277	POINT(828.939026 7292.280273)
1	366105.8018189999856986	3952898447.4800000190734863	204278	POINT(828.945984 7292.280273)
1	366105.8018189999856986	3952898447.4800000190734863	204280	POINT(795.065002 7292.319824)
1	366105.8018189999856986	3952898447.4800000190734863	204281	POINT(809.370972 7292.339844)
1	366105.8018189999856986	3952898447.4800000190734863	204282	POINT(829.159973 7292.379883)
1	366105.8018189999856986	3952898447.4800000190734863	204283	POINT(795.054016 7292.389648)
1	366105.8018189999856986	3952898447.4800000190734863	204285	POINT(829.21405 7292.47998)
1	366105.8018189999856986	3952898447.4800000190734863	204288	POINT(835.099976 7292.5)
1	366105.8018189999856986	3952898447.4800000190734863	204289	POINT(829.200989 7292.529785)
1	366105.8018189999856986	3952898447.4800000190734863	204290	POINT(830.875 7292.569824)
1	366105.8018189999856986	3952898447.4800000190734863	204291	POINT(824.039001 7292.569824)
1	366105.8018189999856986	3952898447.4800000190734863	204292	POINT(829.179993 7292.569824)
1	366105.8018189999856986	3952898447.4800000190734863	204295	POINT(794.995056 7292.620117)
1	366105.8018189999856986	3952898447.4800000190734863	204298	POINT(824.10498 7292.669922)
1	366105.8018189999856986	3952898447.4800000190734863	204300	POINT(832.254028 7292.689941)
1	366105.8018189999856986	3952898447.4800000190734863	204302	POINT(834.845947 7292.72998)
1	366105.8018189999856986	3952898447.4800000190734863	204303	POINT(834.704041 7292.799805)
1	366105.8018189999856986	3952898447.4800000190734863	204304	POINT(832.472046 7292.80957)
1	366105.8018189999856986	3952898447.4800000190734863	204305	POINT(821.947021 7292.849609)
1	366105.8018189999856986	3952898447.4800000190734863	204306	POINT(834.678955 7292.879883)
1	366105.8018189999856986	3952898447.4800000190734863	204307	POINT(794.757019 7292.919922)
1	366105.8018189999856986	3952898447.4800000190734863	204308	POINT(834.619995 7292.929688)
1	366105.8018189999856986	3952898447.4800000190734863	204309	POINT(807.627991 7293.160156)
1	366105.8018189999856986	3952898447.4800000190734863	204310	POINT(834.299988 7293.220215)
1	366105.8018189999856986	3952898447.4800000190734863	204311	POINT(834.184021 7293.260254)
1	366105.8018189999856986	3952898447.4800000190734863	204312	POINT(824.195984 7293.27002)
1	366105.8018189999856986	3952898447.4800000190734863	204313	POINT(834.168945 7293.32959)
1	366105.8018189999856986	3952898447.4800000190734863	204314	POINT(825.357971 7293.339844)
1	366105.8018189999856986	3952898447.4800000190734863	204315	POINT(825.447021 7293.339844)
1	366105.8018189999856986	3952898447.4800000190734863	204316	POINT(825.536011 7293.339844)
1	366105.8018189999856986	3952898447.4800000190734863	204317	POINT(825.637024 7293.339844)
1	366105.8018189999856986	3952898447.4800000190734863	204318	POINT(832.735046 7293.359863)
1	366105.8018189999856986	3952898447.4800000190734863	204319	POINT(824.093018 7293.369629)
1	366105.8018189999856986	3952898447.4800000190734863	204320	POINT(834.102966 7293.389648)
1	366105.8018189999856986	3952898447.4800000190734863	204321	POINT(832.767029 7293.389648)
1	366105.8018189999856986	3952898447.4800000190734863	204322	POINT(821.155945 7293.409668)
1	366105.8018189999856986	3952898447.4800000190734863	204323	POINT(829.682007 7293.429688)
1	366105.8018189999856986	3952898447.4800000190734863	204324	POINT(825.302002 7293.449707)
1	366105.8018189999856986	3952898447.4800000190734863	204325	POINT(828.687988 7293.469727)
1	366105.8018189999856986	3952898447.4800000190734863	204326	POINT(832.839966 7293.489746)
1	366105.8018189999856986	3952898447.4800000190734863	204329	POINT(823.927063 7293.529785)
1	366105.8018189999856986	3952898447.4800000190734863	204330	POINT(830.093018 7293.560059)
1	366105.8018189999856986	3952898447.4800000190734863	204332	POINT(825.198975 7293.600098)
1	366105.8018189999856986	3952898447.4800000190734863	204334	POINT(833.400024 7293.680176)
1	366105.8018189999856986	3952898447.4800000190734863	204335	POINT(825.027039 7293.689941)
1	366105.8018189999856986	3952898447.4800000190734863	204336	POINT(833.598999 7293.700195)
1	366105.8018189999856986	3952898447.4800000190734863	204337	POINT(833.278992 7293.709961)
1	366105.8018189999856986	3952898447.4800000190734863	204338	POINT(833.54895 7293.709961)
1	366105.8018189999856986	3952898447.4800000190734863	204339	POINT(833.377991 7293.720215)
1	366105.8018189999856986	3952898447.4800000190734863	204340	POINT(833.324036 7293.720215)
1	366105.8018189999856986	3952898447.4800000190734863	204341	POINT(794.608948 7293.790039)
1	366105.8018189999856986	3952898447.4800000190734863	204344	POINT(793.462036 7293.879883)
1	366105.8018189999856986	3952898447.4800000190734863	204345	POINT(830.202026 7293.909668)
1	366105.8018189999856986	3952898447.4800000190734863	204347	POINT(813.858948 7293.929688)
1	366105.8018189999856986	3952898447.4800000190734863	204348	POINT(824.945007 7293.939941)
1	366105.8018189999856986	3952898447.4800000190734863	204349	POINT(830.345947 7293.969727)
1	366105.8018189999856986	3952898447.4800000190734863	204351	POINT(830.448975 7294)
1	366105.8018189999856986	3952898447.4800000190734863	204352	POINT(828.359985 7294.049805)
1	366105.8018189999856986	3952898447.4800000190734863	204354	POINT(828.268005 7294.109863)
1	366105.8018189999856986	3952898447.4800000190734863	204355	POINT(824.791016 7294.120117)
1	366105.8018189999856986	3952898447.4800000190734863	204356	POINT(794.607971 7294.140137)
1	366105.8018189999856986	3952898447.4800000190734863	204357	POINT(794.51001 7294.149902)
1	366105.8018189999856986	3952898447.4800000190734863	204358	POINT(828.335022 7294.149902)
1	366105.8018189999856986	3952898447.4800000190734863	204359	POINT(806.908997 7294.169922)
1	366105.8018189999856986	3952898447.4800000190734863	204360	POINT(794.678955 7294.189941)
1	366105.8018189999856986	3952898447.4800000190734863	204361	POINT(824.472046 7294.189941)
1	366105.8018189999856986	3952898447.4800000190734863	204362	POINT(830.708984 7294.200195)
1	366105.8018189999856986	3952898447.4800000190734863	204363	POINT(824.63501 7294.209961)
1	366105.8018189999856986	3952898447.4800000190734863	204364	POINT(824.594055 7294.209961)
1	366105.8018189999856986	3952898447.4800000190734863	204366	POINT(794.842957 7294.220215)
1	366105.8018189999856986	3952898447.4800000190734863	204367	POINT(824.432068 7294.240234)
1	366105.8018189999856986	3952898447.4800000190734863	204368	POINT(828.124023 7294.280273)
1	366105.8018189999856986	3952898447.4800000190734863	204369	POINT(824.248962 7294.290039)
1	366105.8018189999856986	3952898447.4800000190734863	204370	POINT(794.955994 7294.299805)
1	366105.8018189999856986	3952898447.4800000190734863	204372	POINT(823.85498 7294.389648)
1	366105.8018189999856986	3952898447.4800000190734863	204373	POINT(823.822998 7294.399902)
1	366105.8018189999856986	3952898447.4800000190734863	204378	POINT(795.064026 7294.47998)
1	366105.8018189999856986	3952898447.4800000190734863	204379	POINT(793.742004 7294.5)
1	366105.8018189999856986	3952898447.4800000190734863	204380	POINT(813.498047 7294.549805)
1	366105.8018189999856986	3952898447.4800000190734863	204382	POINT(793.492065 7294.640137)
1	366105.8018189999856986	3952898447.4800000190734863	204383	POINT(793.310974 7294.640137)
1	366105.8018189999856986	3952898447.4800000190734863	204384	POINT(793.382996 7294.640137)
1	366105.8018189999856986	3952898447.4800000190734863	204385	POINT(795.108948 7294.649902)
1	366105.8018189999856986	3952898447.4800000190734863	204388	POINT(828.39502 7294.77002)
1	366105.8018189999856986	3952898447.4800000190734863	204393	POINT(830.585999 7295)
1	366105.8018189999856986	3952898447.4800000190734863	204394	POINT(828.307983 7295.009766)
1	366105.8018189999856986	3952898447.4800000190734863	204395	POINT(830.307983 7295.080078)
1	366105.8018189999856986	3952898447.4800000190734863	204396	POINT(830.600952 7295.080078)
1	366105.8018189999856986	3952898447.4800000190734863	204397	POINT(830.540955 7295.100098)
1	366105.8018189999856986	3952898447.4800000190734863	204398	POINT(830.60498 7295.100098)
1	366105.8018189999856986	3952898447.4800000190734863	204399	POINT(830.657959 7295.109863)
1	366105.8018189999856986	3952898447.4800000190734863	204400	POINT(830.507019 7295.120117)
1	366105.8018189999856986	3952898447.4800000190734863	204403	POINT(824.550964 7295.160156)
1	366105.8018189999856986	3952898447.4800000190734863	204405	POINT(830.432068 7295.200195)
1	366105.8018189999856986	3952898447.4800000190734863	204407	POINT(830.609985 7295.200195)
1	366105.8018189999856986	3952898447.4800000190734863	204409	POINT(830.48407 7295.22998)
1	366105.8018189999856986	3952898447.4800000190734863	204411	POINT(826.705017 7295.290039)
1	366105.8018189999856986	3952898447.4800000190734863	204414	POINT(826.664001 7295.319824)
1	366105.8018189999856986	3952898447.4800000190734863	204415	POINT(823.791016 7295.339844)
1	366105.8018189999856986	3952898447.4800000190734863	204416	POINT(826.606995 7295.359863)
1	366105.8018189999856986	3952898447.4800000190734863	204417	POINT(829.5 7295.369629)
1	366105.8018189999856986	3952898447.4800000190734863	204418	POINT(828.152954 7295.369629)
1	366105.8018189999856986	3952898447.4800000190734863	204421	POINT(828.14093 7295.399902)
1	366105.8018189999856986	3952898447.4800000190734863	204422	POINT(826.562988 7295.399902)
1	366105.8018189999856986	3952898447.4800000190734863	204424	POINT(828.275024 7295.449707)
1	366105.8018189999856986	3952898447.4800000190734863	204429	POINT(828.402039 7295.5)
1	366105.8018189999856986	3952898447.4800000190734863	204430	POINT(828.082031 7295.52002)
1	366105.8018189999856986	3952898447.4800000190734863	204431	POINT(828.444031 7295.529785)
1	366105.8018189999856986	3952898447.4800000190734863	204432	POINT(829.252014 7295.540039)
1	366105.8018189999856986	3952898447.4800000190734863	204433	POINT(812.565979 7295.560059)
1	366105.8018189999856986	3952898447.4800000190734863	204437	POINT(826.184021 7295.640137)
1	366105.8018189999856986	3952898447.4800000190734863	204440	POINT(828.802002 7295.709961)
1	366105.8018189999856986	3952898447.4800000190734863	204441	POINT(828.762024 7295.709961)
1	366105.8018189999856986	3952898447.4800000190734863	204443	POINT(823.527039 7295.72998)
1	366105.8018189999856986	3952898447.4800000190734863	204445	POINT(828.755981 7295.75)
1	366105.8018189999856986	3952898447.4800000190734863	204451	POINT(818.752014 7295.780273)
1	366105.8018189999856986	3952898447.4800000190734863	204455	POINT(823.491028 7295.879883)
1	366105.8018189999856986	3952898447.4800000190734863	204460	POINT(831.004028 7295.97998)
1	366105.8018189999856986	3952898447.4800000190734863	204462	POINT(828.652954 7295.989746)
1	366105.8018189999856986	3952898447.4800000190734863	204467	POINT(828.632996 7296.040039)
1	366105.8018189999856986	3952898447.4800000190734863	204469	POINT(818.437073 7296.100098)
1	366105.8018189999856986	3952898447.4800000190734863	204470	POINT(827.81897 7296.120117)
1	366105.8018189999856986	3952898447.4800000190734863	204472	POINT(827.772034 7296.200195)
1	366105.8018189999856986	3952898447.4800000190734863	204477	POINT(824.554016 7296.260254)
1	366105.8018189999856986	3952898447.4800000190734863	204481	POINT(818.320984 7296.319824)
1	366105.8018189999856986	3952898447.4800000190734863	204484	POINT(823.488037 7296.339844)
1	366105.8018189999856986	3952898447.4800000190734863	204485	POINT(831.15094 7296.359863)
1	366105.8018189999856986	3952898447.4800000190734863	204488	POINT(831.152954 7296.389648)
1	366105.8018189999856986	3952898447.4800000190734863	204490	POINT(831.155945 7296.439941)
1	366105.8018189999856986	3952898447.4800000190734863	204493	POINT(831.154968 7296.489746)
1	366105.8018189999856986	3952898447.4800000190734863	204494	POINT(827.544006 7296.509766)
1	366105.8018189999856986	3952898447.4800000190734863	204500	POINT(831.134033 7296.80957)
1	366105.8018189999856986	3952898447.4800000190734863	204504	POINT(828.248962 7296.889648)
1	366105.8018189999856986	3952898447.4800000190734863	204506	POINT(831.143982 7296.909668)
1	366105.8018189999856986	3952898447.4800000190734863	204508	POINT(830.809998 7296.939941)
1	366105.8018189999856986	3952898447.4800000190734863	204509	POINT(828.157959 7296.949707)
1	366105.8018189999856986	3952898447.4800000190734863	204511	POINT(823.345947 7297.029785)
1	366105.8018189999856986	3952898447.4800000190734863	204512	POINT(828.010986 7297.060059)
1	366105.8018189999856986	3952898447.4800000190734863	204513	POINT(823.285034 7297.089844)
1	366105.8018189999856986	3952898447.4800000190734863	204515	POINT(823.440979 7297.129883)
1	366105.8018189999856986	3952898447.4800000190734863	204516	POINT(823.265991 7297.140137)
1	366105.8018189999856986	3952898447.4800000190734863	204517	POINT(823.218994 7297.149902)
1	366105.8018189999856986	3952898447.4800000190734863	204518	POINT(831.222046 7297.180176)
1	366105.8018189999856986	3952898447.4800000190734863	204521	POINT(823.207031 7297.189941)
1	366105.8018189999856986	3952898447.4800000190734863	204525	POINT(823.492065 7297.27002)
1	366105.8018189999856986	3952898447.4800000190734863	204528	POINT(823.267029 7297.349609)
1	366105.8018189999856986	3952898447.4800000190734863	204529	POINT(823.585022 7297.369629)
1	366105.8018189999856986	3952898447.4800000190734863	204531	POINT(823.695984 7297.429688)
1	366105.8018189999856986	3952898447.4800000190734863	204532	POINT(823.722046 7297.449707)
1	366105.8018189999856986	3952898447.4800000190734863	204535	POINT(828.539978 7297.5)
1	366105.8018189999856986	3952898447.4800000190734863	204538	POINT(828.641968 7297.5)
1	366105.8018189999856986	3952898447.4800000190734863	204539	POINT(828.667969 7297.509766)
1	366105.8018189999856986	3952898447.4800000190734863	204541	POINT(823.807007 7297.540039)
1	366105.8018189999856986	3952898447.4800000190734863	204543	POINT(828.172974 7297.549805)
1	366105.8018189999856986	3952898447.4800000190734863	204545	POINT(822.975037 7297.600098)
1	366105.8018189999856986	3952898447.4800000190734863	204547	POINT(828.296021 7297.629883)
1	366105.8018189999856986	3952898447.4800000190734863	204548	POINT(828.260986 7297.660156)
1	366105.8018189999856986	3952898447.4800000190734863	204549	POINT(828.172974 7297.740234)
1	366105.8018189999856986	3952898447.4800000190734863	204550	POINT(823.112976 7297.75)
1	366105.8018189999856986	3952898447.4800000190734863	204551	POINT(822.66095 7297.77002)
1	366105.8018189999856986	3952898447.4800000190734863	204554	POINT(823.684021 7297.799805)
1	366105.8018189999856986	3952898447.4800000190734863	204555	POINT(828.083008 7297.819824)
1	366105.8018189999856986	3952898447.4800000190734863	204557	POINT(823.598022 7297.849609)
1	366105.8018189999856986	3952898447.4800000190734863	204558	POINT(823.432068 7297.909668)
1	366105.8018189999856986	3952898447.4800000190734863	204560	POINT(822.194031 7298.040039)
1	366105.8018189999856986	3952898447.4800000190734863	204561	POINT(823.278992 7298.080078)
1	366105.8018189999856986	3952898447.4800000190734863	204562	POINT(822.752014 7298.109863)
1	366105.8018189999856986	3952898447.4800000190734863	204563	POINT(827.708984 7298.140137)
1	366105.8018189999856986	3952898447.4800000190734863	204566	POINT(822.73999 7298.160156)
1	366105.8018189999856986	3952898447.4800000190734863	204568	POINT(823.190979 7298.169922)
1	366105.8018189999856986	3952898447.4800000190734863	204571	POINT(823.174011 7298.189941)
1	366105.8018189999856986	3952898447.4800000190734863	204572	POINT(821.979004 7298.200195)
1	366105.8018189999856986	3952898447.4800000190734863	204573	POINT(822.694031 7298.200195)
1	366105.8018189999856986	3952898447.4800000190734863	204574	POINT(822.750977 7298.200195)
1	366105.8018189999856986	3952898447.4800000190734863	204575	POINT(822.360962 7298.200195)
1	366105.8018189999856986	3952898447.4800000190734863	204577	POINT(803.944031 7298.209961)
1	366105.8018189999856986	3952898447.4800000190734863	204578	POINT(827.02301 7298.27002)
1	366105.8018189999856986	3952898447.4800000190734863	204579	POINT(831.890015 7298.290039)
1	366105.8018189999856986	3952898447.4800000190734863	204580	POINT(805.983032 7298.299805)
1	366105.8018189999856986	3952898447.4800000190734863	204581	POINT(823.067993 7298.30957)
1	366105.8018189999856986	3952898447.4800000190734863	204582	POINT(804.153992 7298.369629)
1	366105.8018189999856986	3952898447.4800000190734863	204583	POINT(827.340942 7298.379883)
1	366105.8018189999856986	3952898447.4800000190734863	204584	POINT(822.770996 7298.419922)
1	366105.8018189999856986	3952898447.4800000190734863	204585	POINT(826.985046 7298.419922)
1	366105.8018189999856986	3952898447.4800000190734863	204586	POINT(822.947998 7298.449707)
1	366105.8018189999856986	3952898447.4800000190734863	204589	POINT(822.807983 7298.5)
1	366105.8018189999856986	3952898447.4800000190734863	204590	POINT(822.921021 7298.52002)
1	366105.8018189999856986	3952898447.4800000190734863	204591	POINT(822.865967 7298.52002)
1	366105.8018189999856986	3952898447.4800000190734863	204593	POINT(826.940979 7298.580078)
1	366105.8018189999856986	3952898447.4800000190734863	204594	POINT(832.194031 7298.640137)
1	366105.8018189999856986	3952898447.4800000190734863	204597	POINT(805.950012 7298.740234)
1	366105.8018189999856986	3952898447.4800000190734863	204598	POINT(822.54895 7298.75)
1	366105.8018189999856986	3952898447.4800000190734863	204600	POINT(832.315979 7298.77002)
1	366105.8018189999856986	3952898447.4800000190734863	204601	POINT(805.775024 7298.799805)
1	366105.8018189999856986	3952898447.4800000190734863	204602	POINT(822.856995 7298.799805)
1	366105.8018189999856986	3952898447.4800000190734863	204604	POINT(805.890015 7298.859863)
1	366105.8018189999856986	3952898447.4800000190734863	204605	POINT(822.895996 7298.879883)
1	366105.8018189999856986	3952898447.4800000190734863	204607	POINT(806.526001 7299.089844)
1	366105.8018189999856986	3952898447.4800000190734863	204610	POINT(820.38501 7299.160156)
1	366105.8018189999856986	3952898447.4800000190734863	204611	POINT(822.28302 7299.180176)
1	366105.8018189999856986	3952898447.4800000190734863	204612	POINT(823.005005 7299.200195)
1	366105.8018189999856986	3952898447.4800000190734863	204613	POINT(832.375977 7299.27002)
1	366105.8018189999856986	3952898447.4800000190734863	204614	POINT(820.453003 7299.290039)
1	366105.8018189999856986	3952898447.4800000190734863	204616	POINT(805.614014 7299.399902)
1	366105.8018189999856986	3952898447.4800000190734863	204617	POINT(832.274048 7299.439941)
1	366105.8018189999856986	3952898447.4800000190734863	204619	POINT(825.374023 7299.620117)
1	366105.8018189999856986	3952898447.4800000190734863	204621	POINT(832.10498 7299.640137)
1	366105.8018189999856986	3952898447.4800000190734863	204622	POINT(810.989014 7299.72998)
1	366105.8018189999856986	3952898447.4800000190734863	204623	POINT(832.024048 7299.760254)
1	366105.8018189999856986	3952898447.4800000190734863	204624	POINT(823.39502 7299.80957)
1	366105.8018189999856986	3952898447.4800000190734863	204625	POINT(819.034058 7299.819824)
1	366105.8018189999856986	3952898447.4800000190734863	204626	POINT(818.973022 7299.849609)
1	366105.8018189999856986	3952898447.4800000190734863	204627	POINT(831.962036 7299.849609)
1	366105.8018189999856986	3952898447.4800000190734863	204628	POINT(818.948975 7299.859863)
1	366105.8018189999856986	3952898447.4800000190734863	204631	POINT(811.433044 7299.949707)
1	366105.8018189999856986	3952898447.4800000190734863	204632	POINT(817.905029 7300.02002)
1	366105.8018189999856986	3952898447.4800000190734863	204634	POINT(819.258972 7300.180176)
1	366105.8018189999856986	3952898447.4800000190734863	204635	POINT(819.992065 7300.189941)
1	366105.8018189999856986	3952898447.4800000190734863	204636	POINT(826.257019 7300.200195)
1	366105.8018189999856986	3952898447.4800000190734863	204639	POINT(823.935059 7300.220215)
1	366105.8018189999856986	3952898447.4800000190734863	204640	POINT(819.356995 7300.339844)
1	366105.8018189999856986	3952898447.4800000190734863	204643	POINT(818.370972 7300.489746)
1	366105.8018189999856986	3952898447.4800000190734863	204644	POINT(816.843994 7300.509766)
1	366105.8018189999856986	3952898447.4800000190734863	204645	POINT(818.165955 7300.580078)
1	366105.8018189999856986	3952898447.4800000190734863	204646	POINT(818.378967 7300.600098)
1	366105.8018189999856986	3952898447.4800000190734863	204647	POINT(811.945984 7300.609863)
1	366105.8018189999856986	3952898447.4800000190734863	204648	POINT(825.739014 7300.629883)
1	366105.8018189999856986	3952898447.4800000190734863	204649	POINT(818.174988 7300.649902)
1	366105.8018189999856986	3952898447.4800000190734863	204650	POINT(818.122986 7300.669922)
1	366105.8018189999856986	3952898447.4800000190734863	204651	POINT(831.742981 7300.680176)
1	366105.8018189999856986	3952898447.4800000190734863	204652	POINT(818.177002 7300.700195)
1	366105.8018189999856986	3952898447.4800000190734863	204654	POINT(817.652954 7300.859863)
1	366105.8018189999856986	3952898447.4800000190734863	204655	POINT(825.628967 7300.879883)
1	366105.8018189999856986	3952898447.4800000190734863	204657	POINT(812.037048 7300.939941)
1	366105.8018189999856986	3952898447.4800000190734863	204658	POINT(825.540955 7300.939941)
1	366105.8018189999856986	3952898447.4800000190734863	204659	POINT(817.080994 7300.97998)
1	366105.8018189999856986	3952898447.4800000190734863	204660	POINT(812.065002 7300.989746)
1	366105.8018189999856986	3952898447.4800000190734863	204663	POINT(812.658936 7301.140137)
1	366105.8018189999856986	3952898447.4800000190734863	204664	POINT(812.195984 7301.169922)
1	366105.8018189999856986	3952898447.4800000190734863	204665	POINT(812.76001 7301.169922)
1	366105.8018189999856986	3952898447.4800000190734863	204666	POINT(817.923035 7301.25)
1	366105.8018189999856986	3952898447.4800000190734863	204667	POINT(815.710999 7301.290039)
1	366105.8018189999856986	3952898447.4800000190734863	204670	POINT(813.362976 7301.32959)
1	366105.8018189999856986	3952898447.4800000190734863	204671	POINT(813.422058 7301.339844)
1	366105.8018189999856986	3952898447.4800000190734863	204675	POINT(825.083008 7301.459961)
1	366105.8018189999856986	3952898447.4800000190734863	204677	POINT(814.377014 7301.509766)
1	366105.8018189999856986	3952898447.4800000190734863	204679	POINT(814.710022 7301.560059)
1	366105.8018189999856986	3952898447.4800000190734863	204680	POINT(811.624023 7301.589844)
1	366105.8018189999856986	3952898447.4800000190734863	204681	POINT(811.538025 7301.620117)
1	366105.8018189999856986	3952898447.4800000190734863	204682	POINT(814.53302 7301.649902)
1	366105.8018189999856986	3952898447.4800000190734863	204684	POINT(814.36499 7301.760254)
1	366105.8018189999856986	3952898447.4800000190734863	204689	POINT(825.597046 7302.200195)
1	366105.8018189999856986	3952898447.4800000190734863	204690	POINT(825.377991 7302.260254)
1	366105.8018189999856986	3952898447.4800000190734863	204691	POINT(811.137024 7302.27002)
1	366105.8018189999856986	3952898447.4800000190734863	204692	POINT(825.593018 7302.299805)
1	366105.8018189999856986	3952898447.4800000190734863	204693	POINT(811.027039 7302.489746)
1	366105.8018189999856986	3952898447.4800000190734863	204694	POINT(810.995056 7302.549805)
1	366105.8018189999856986	3952898447.4800000190734863	204695	POINT(825.825989 7302.549805)
1	366105.8018189999856986	3952898447.4800000190734863	204721	POINT(837.000977 7304.640137)
1	366105.8018189999856986	3952898447.4800000190734863	204729	POINT(836.695984 7304.909668)
1	366105.8018189999856986	3952898447.4800000190734863	204731	POINT(811.677002 7304.959961)
1	366105.8018189999856986	3952898447.4800000190734863	204736	POINT(836.437073 7305.5)
1	366105.8018189999856986	3952898447.4800000190734863	204738	POINT(826.560974 7305.609863)
1	366105.8018189999856986	3952898447.4800000190734863	204747	POINT(831.247986 7305.879883)
1	366105.8018189999856986	3952898447.4800000190734863	204751	POINT(835.830017 7306.029785)
1	366105.8018189999856986	3952898447.4800000190734863	204752	POINT(831.343994 7306.049805)
1	366105.8018189999856986	3952898447.4800000190734863	204754	POINT(835.654968 7306.140137)
1	366105.8018189999856986	3952898447.4800000190734863	204755	POINT(835.530029 7306.189941)
1	366105.8018189999856986	3952898447.4800000190734863	204763	POINT(831.518982 7306.459961)
1	366105.8018189999856986	3952898447.4800000190734863	204764	POINT(834.820007 7306.459961)
1	366105.8018189999856986	3952898447.4800000190734863	204769	POINT(831.950012 7306.760254)
1	366105.8018189999856986	3952898447.4800000190734863	204770	POINT(831.325012 7306.77002)
1	366105.8018189999856986	3952898447.4800000190734863	204773	POINT(827.158936 7306.969727)
1	366105.8018189999856986	3952898447.4800000190734863	204776	POINT(833.710022 7307)
1	366105.8018189999856986	3952898447.4800000190734863	204777	POINT(830.985046 7307.060059)
1	366105.8018189999856986	3952898447.4800000190734863	204781	POINT(827.222046 7307.209961)
1	366105.8018189999856986	3952898447.4800000190734863	204784	POINT(827.264038 7307.349609)
1	366105.8018189999856986	3952898447.4800000190734863	204790	POINT(828.729004 7307.899902)
1	366105.8018189999856986	3952898447.4800000190734863	204793	POINT(829.695007 7308.180176)
1	366105.8018189999856986	3952898447.4800000190734863	204794	POINT(827.514038 7308.22998)
1	366105.8018189999856986	3952898447.4800000190734863	204799	POINT(828.518982 7308.600098)
1	366105.8018189999856986	3952898447.4800000190734863	204801	POINT(829.188965 7308.75)
1	366105.8018189999856986	3952898447.4800000190734863	204803	POINT(827.694031 7308.869629)
1	366105.8018189999856986	3952898447.4800000190734863	204810	POINT(828.71405 7309.169922)
1	366105.8018189999856986	3952898447.4800000190734863	204811	POINT(828.013 7309.209961)
1	366105.8018189999856986	3952898447.4800000190734863	204820	POINT(828.221008 7309.529785)
1	366105.8018189999856986	3952898447.4800000190734863	204823	POINT(827.962036 7309.609863)
1	366105.8018189999856986	3952898447.4800000190734863	204824	POINT(827.904053 7309.629883)
1	366105.8018189999856986	3952898447.4800000190734863	204841	POINT(828.018982 7310.100098)
1	366105.8018189999856986	3952898447.4800000190734863	204842	POINT(828.031006 7310.189941)
1	366105.8018189999856986	3952898447.4800000190734863	204844	POINT(828.035034 7310.209961)
1	366105.8018189999856986	3952898447.4800000190734863	204846	POINT(828.039001 7310.240234)
1	366105.8018189999856986	3952898447.4800000190734863	204879	POINT(827.864014 7311.760254)
1	366105.8018189999856986	3952898447.4800000190734863	204891	POINT(827.747986 7312.27002)
1	366105.8018189999856986	3952898447.4800000190734863	204896	POINT(827.732056 7312.5)
1	366105.8018189999856986	3952898447.4800000190734863	204897	POINT(823.664978 7312.529785)
1	366105.8018189999856986	3952898447.4800000190734863	204901	POINT(823.157959 7312.799805)
1	366105.8018189999856986	3952898447.4800000190734863	204908	POINT(822.864014 7312.919922)
1	366105.8018189999856986	3952898447.4800000190734863	204910	POINT(827.698975 7312.959961)
1	366105.8018189999856986	3952898447.4800000190734863	204920	POINT(827.685974 7313.089844)
1	366105.8018189999856986	3952898447.4800000190734863	204923	POINT(822.362 7313.120117)
1	366105.8018189999856986	3952898447.4800000190734863	204924	POINT(821.462036 7313.120117)
1	366105.8018189999856986	3952898447.4800000190734863	204927	POINT(821.924072 7313.180176)
1	366105.8018189999856986	3952898447.4800000190734863	204928	POINT(822.002991 7313.189941)
1	366105.8018189999856986	3952898447.4800000190734863	204934	POINT(820.445007 7313.399902)
1	366105.8018189999856986	3952898447.4800000190734863	204950	POINT(831.287048 7313.77002)
1	366105.8018189999856986	3952898447.4800000190734863	204951	POINT(831.232056 7313.790039)
1	366105.8018189999856986	3952898447.4800000190734863	204952	POINT(832.526001 7313.80957)
1	366105.8018189999856986	3952898447.4800000190734863	204957	POINT(830.924072 7313.899902)
1	366105.8018189999856986	3952898447.4800000190734863	204962	POINT(832.580017 7314.040039)
1	366105.8018189999856986	3952898447.4800000190734863	204965	POINT(832.577026 7314.060059)
1	366105.8018189999856986	3952898447.4800000190734863	204968	POINT(827.754028 7314.189941)
1	366105.8018189999856986	3952898447.4800000190734863	204969	POINT(832.627014 7314.200195)
1	366105.8018189999856986	3952898447.4800000190734863	204979	POINT(827.80896 7314.409668)
1	366105.8018189999856986	3952898447.4800000190734863	204984	POINT(827.832031 7314.52002)
1	366105.8018189999856986	3952898447.4800000190734863	204985	POINT(827.307983 7314.529785)
1	366105.8018189999856986	3952898447.4800000190734863	204987	POINT(823.938049 7314.569824)
1	366105.8018189999856986	3952898447.4800000190734863	204988	POINT(827.85199 7314.609863)
1	366105.8018189999856986	3952898447.4800000190734863	205006	POINT(827.895996 7314.80957)
1	366105.8018189999856986	3952898447.4800000190734863	205017	POINT(823.195007 7315.049805)
1	366105.8018189999856986	3952898447.4800000190734863	205043	POINT(815.171997 7315.30957)
1	366105.8018189999856986	3952898447.4800000190734863	205055	POINT(833.463013 7315.569824)
1	366105.8018189999856986	3952898447.4800000190734863	205068	POINT(822.156982 7315.72998)
1	366105.8018189999856986	3952898447.4800000190734863	205097	POINT(821.159973 7316.140137)
1	366105.8018189999856986	3952898447.4800000190734863	205173	POINT(818.098022 7317.080078)
1	366105.8018189999856986	3952898447.4800000190734863	205179	POINT(819.574036 7317.299805)
1	366105.8018189999856986	3952898447.4800000190734863	205190	POINT(828.703003 7317.790039)
1	366105.8018189999856986	3952898447.4800000190734863	205250	POINT(846.499023 7318.909668)
1	366105.8018189999856986	3952898447.4800000190734863	205264	POINT(846.174988 7319.240234)
1	366105.8018189999856986	3952898447.4800000190734863	205271	POINT(829.64093 7319.389648)
1	366105.8018189999856986	3952898447.4800000190734863	205290	POINT(843.88501 7320.080078)
1	366105.8018189999856986	3952898447.4800000190734863	205295	POINT(830.210022 7320.30957)
1	366105.8018189999856986	3952898447.4800000190734863	205310	POINT(843.296021 7321.02002)
1	366105.8018189999856986	3952898447.4800000190734863	205316	POINT(830.892029 7321.27002)
1	366105.8018189999856986	3952898447.4800000190734863	205319	POINT(832.674988 7321.379883)
1	366105.8018189999856986	3952898447.4800000190734863	205323	POINT(830.922058 7321.560059)
1	366105.8018189999856986	3952898447.4800000190734863	205325	POINT(831.404053 7321.580078)
1	366105.8018189999856986	3952898447.4800000190734863	205329	POINT(842.872009 7321.649902)
1	366105.8018189999856986	3952898447.4800000190734863	205332	POINT(831.102966 7321.680176)
1	366105.8018189999856986	3952898447.4800000190734863	205334	POINT(832.468018 7321.77002)
1	366105.8018189999856986	3952898447.4800000190734863	205336	POINT(832.440002 7321.80957)
1	366105.8018189999856986	3952898447.4800000190734863	205339	POINT(832.393005 7321.869629)
1	366105.8018189999856986	3952898447.4800000190734863	205351	POINT(832.314026 7322.089844)
1	366105.8018189999856986	3952898447.4800000190734863	205353	POINT(831.407043 7322.149902)
1	366105.8018189999856986	3952898447.4800000190734863	205355	POINT(842.717041 7322.189941)
1	366105.8018189999856986	3952898447.4800000190734863	205357	POINT(835.495056 7322.260254)
1	366105.8018189999856986	3952898447.4800000190734863	205358	POINT(832.114014 7322.280273)
1	366105.8018189999856986	3952898447.4800000190734863	205359	POINT(834.820984 7322.280273)
1	366105.8018189999856986	3952898447.4800000190734863	205363	POINT(831.892029 7322.369629)
1	366105.8018189999856986	3952898447.4800000190734863	205365	POINT(831.498047 7322.379883)
1	366105.8018189999856986	3952898447.4800000190734863	205368	POINT(831.672974 7322.419922)
1	366105.8018189999856986	3952898447.4800000190734863	205369	POINT(831.527039 7322.469727)
1	366105.8018189999856986	3952898447.4800000190734863	205372	POINT(831.565002 7322.589844)
1	366105.8018189999856986	3952898447.4800000190734863	205373	POINT(831.585022 7322.649902)
1	366105.8018189999856986	3952898447.4800000190734863	205376	POINT(831.604004 7322.700195)
1	366105.8018189999856986	3952898447.4800000190734863	205377	POINT(819.828979 7322.709961)
1	366105.8018189999856986	3952898447.4800000190734863	205387	POINT(831.740967 7322.969727)
1	366105.8018189999856986	3952898447.4800000190734863	205389	POINT(831.798035 7323.029785)
1	366105.8018189999856986	3952898447.4800000190734863	205391	POINT(831.824036 7323.049805)
1	366105.8018189999856986	3952898447.4800000190734863	205393	POINT(841.924072 7323.060059)
1	366105.8018189999856986	3952898447.4800000190734863	205394	POINT(833.839966 7323.089844)
1	366105.8018189999856986	3952898447.4800000190734863	205399	POINT(841.852966 7323.189941)
1	366105.8018189999856986	3952898447.4800000190734863	205402	POINT(832.070007 7323.260254)
1	366105.8018189999856986	3952898447.4800000190734863	205403	POINT(831.897034 7323.280273)
1	366105.8018189999856986	3952898447.4800000190734863	205413	POINT(841.156982 7323.409668)
1	366105.8018189999856986	3952898447.4800000190734863	205415	POINT(841.335022 7323.459961)
1	366105.8018189999856986	3952898447.4800000190734863	205418	POINT(831.770996 7323.47998)
1	366105.8018189999856986	3952898447.4800000190734863	205419	POINT(841.435059 7323.47998)
1	366105.8018189999856986	3952898447.4800000190734863	205422	POINT(833.669983 7323.5)
1	366105.8018189999856986	3952898447.4800000190734863	205428	POINT(841.687012 7323.640137)
1	366105.8018189999856986	3952898447.4800000190734863	205436	POINT(831.388977 7323.799805)
1	366105.8018189999856986	3952898447.4800000190734863	205437	POINT(839.710022 7323.799805)
1	366105.8018189999856986	3952898447.4800000190734863	205438	POINT(841.647949 7323.799805)
1	366105.8018189999856986	3952898447.4800000190734863	205439	POINT(832.395996 7323.819824)
1	366105.8018189999856986	3952898447.4800000190734863	205446	POINT(831.29303 7323.929688)
1	366105.8018189999856986	3952898447.4800000190734863	205448	POINT(832.340942 7323.969727)
1	366105.8018189999856986	3952898447.4800000190734863	205449	POINT(831.236023 7323.97998)
1	366105.8018189999856986	3952898447.4800000190734863	205451	POINT(833.050964 7324.009766)
1	366105.8018189999856986	3952898447.4800000190734863	205453	POINT(832.887024 7324.120117)
1	366105.8018189999856986	3952898447.4800000190734863	205454	POINT(832.865967 7324.149902)
1	366105.8018189999856986	3952898447.4800000190734863	205456	POINT(831.142944 7324.149902)
1	366105.8018189999856986	3952898447.4800000190734863	205458	POINT(841.151978 7324.200195)
1	366105.8018189999856986	3952898447.4800000190734863	205459	POINT(832.832031 7324.200195)
1	366105.8018189999856986	3952898447.4800000190734863	205461	POINT(832.802979 7324.240234)
1	366105.8018189999856986	3952898447.4800000190734863	205462	POINT(840.973022 7324.260254)
1	366105.8018189999856986	3952898447.4800000190734863	205465	POINT(840.911011 7324.290039)
1	366105.8018189999856986	3952898447.4800000190734863	205467	POINT(841.678955 7324.30957)
1	366105.8018189999856986	3952898447.4800000190734863	205469	POINT(840.845947 7324.319824)
1	366105.8018189999856986	3952898447.4800000190734863	205470	POINT(832.502991 7324.369629)
1	366105.8018189999856986	3952898447.4800000190734863	205476	POINT(841.677979 7324.620117)
1	366105.8018189999856986	3952898447.4800000190734863	205477	POINT(832.546997 7324.629883)
1	366105.8018189999856986	3952898447.4800000190734863	205478	POINT(841.668945 7324.649902)
1	366105.8018189999856986	3952898447.4800000190734863	205483	POINT(841.598022 7324.839844)
1	366105.8018189999856986	3952898447.4800000190734863	205497	POINT(835.11499 7325.180176)
1	366105.8018189999856986	3952898447.4800000190734863	205500	POINT(835.175964 7325.22998)
1	366105.8018189999856986	3952898447.4800000190734863	205511	POINT(839.192993 7325.569824)
1	366105.8018189999856986	3952898447.4800000190734863	205513	POINT(835.81897 7325.600098)
1	366105.8018189999856986	3952898447.4800000190734863	205515	POINT(836.098022 7325.680176)
1	366105.8018189999856986	3952898447.4800000190734863	205516	POINT(836.378967 7325.680176)
1	366105.8018189999856986	3952898447.4800000190734863	205521	POINT(838.878967 7325.799805)
1	366105.8018189999856986	3952898447.4800000190734863	205523	POINT(835.872986 7325.869629)
1	366105.8018189999856986	3952898447.4800000190734863	205524	POINT(841.06897 7325.939941)
1	366105.8018189999856986	3952898447.4800000190734863	205532	POINT(840.999023 7326.240234)
1	366105.8018189999856986	3952898447.4800000190734863	205535	POINT(830.60199 7326.280273)
1	366105.8018189999856986	3952898447.4800000190734863	205545	POINT(840.966003 7326.47998)
1	366105.8018189999856986	3952898447.4800000190734863	205550	POINT(830.044983 7326.709961)
1	366105.8018189999856986	3952898447.4800000190734863	205551	POINT(842.378967 7326.72998)
1	366105.8018189999856986	3952898447.4800000190734863	205553	POINT(842.458984 7326.75)
1	366105.8018189999856986	3952898447.4800000190734863	205570	POINT(826.77301 7327.120117)
1	366105.8018189999856986	3952898447.4800000190734863	205573	POINT(843.917053 7327.220215)
1	366105.8018189999856986	3952898447.4800000190734863	205585	POINT(826.617004 7327.439941)
1	366105.8018189999856986	3952898447.4800000190734863	205593	POINT(844.357971 7327.640137)
1	366105.8018189999856986	3952898447.4800000190734863	205609	POINT(826.562012 7327.839844)
1	366105.8018189999856986	3952898447.4800000190734863	205612	POINT(844.526001 7327.879883)
1	366105.8018189999856986	3952898447.4800000190734863	205614	POINT(838.080994 7327.889648)
1	366105.8018189999856986	3952898447.4800000190734863	205637	POINT(827.76001 7328.319824)
1	366105.8018189999856986	3952898447.4800000190734863	205647	POINT(838.595032 7328.540039)
1	366105.8018189999856986	3952898447.4800000190734863	205672	POINT(827.098999 7329.060059)
1	366105.8018189999856986	3952898447.4800000190734863	205690	POINT(825.046997 7329.409668)
1	366105.8018189999856986	3952898447.4800000190734863	205709	POINT(838.848938 7329.780273)
1	366105.8018189999856986	3952898447.4800000190734863	205755	POINT(838.612 7330.549805)
1	366105.8018189999856986	3952898447.4800000190734863	205784	POINT(823.798035 7331.299805)
1	366105.8018189999856986	3952898447.4800000190734863	205806	POINT(824.977051 7331.889648)
1	366105.8018189999856986	3952898447.4800000190734863	205809	POINT(837.415039 7331.959961)
1	366105.8018189999856986	3952898447.4800000190734863	205811	POINT(824.888977 7332)
1	366105.8018189999856986	3952898447.4800000190734863	205831	POINT(824.5 7332.369629)
1	366105.8018189999856986	3952898447.4800000190734863	205832	POINT(825.777039 7332.369629)
1	366105.8018189999856986	3952898447.4800000190734863	205859	POINT(842.337036 7333.149902)
1	366105.8018189999856986	3952898447.4800000190734863	205861	POINT(822.669983 7333.299805)
1	366105.8018189999856986	3952898447.4800000190734863	205863	POINT(822.452026 7333.389648)
1	366105.8018189999856986	3952898447.4800000190734863	205869	POINT(822.852966 7333.669922)
1	366105.8018189999856986	3952898447.4800000190734863	205871	POINT(835.849976 7334.069824)
1	366105.8018189999856986	3952898447.4800000190734863	205872	POINT(835.822998 7334.169922)
1	366105.8018189999856986	3952898447.4800000190734863	205879	POINT(835.747009 7334.359863)
1	366105.8018189999856986	3952898447.4800000190734863	205882	POINT(835.695984 7334.449707)
1	366105.8018189999856986	3952898447.4800000190734863	205909	POINT(823.091003 7335.82959)
1	366105.8018189999856986	3952898447.4800000190734863	205915	POINT(823.384033 7336.120117)
1	366105.8018189999856986	3952898447.4800000190734863	205920	POINT(818.335022 7336.389648)
1	366105.8018189999856986	3952898447.4800000190734863	205923	POINT(823.907043 7336.600098)
1	366105.8018189999856986	3952898447.4800000190734863	205930	POINT(819.117004 7336.879883)
1	366105.8018189999856986	3952898447.4800000190734863	205939	POINT(818.852966 7337.200195)
1	366105.8018189999856986	3952898447.4800000190734863	205950	POINT(824.530029 7338.47998)
1	366105.8018189999856986	3952898447.4800000190734863	205952	POINT(815.147949 7338.589844)
1	366105.8018189999856986	3952898447.4800000190734863	205953	POINT(815.275024 7338.629883)
1	366105.8018189999856986	3952898447.4800000190734863	205957	POINT(813.412048 7338.869629)
1	366105.8018189999856986	3952898447.4800000190734863	205959	POINT(813.466003 7338.889648)
1	366105.8018189999856986	3952898447.4800000190734863	205960	POINT(824.328979 7339.02002)
1	366105.8018189999856986	3952898447.4800000190734863	205962	POINT(816.768982 7339.30957)
1	366105.8018189999856986	3952898447.4800000190734863	205963	POINT(816.748962 7339.339844)
1	366105.8018189999856986	3952898447.4800000190734863	205965	POINT(816.708984 7339.409668)
1	366105.8018189999856986	3952898447.4800000190734863	205966	POINT(816.804993 7339.439941)
1	366105.8018189999856986	3952898447.4800000190734863	205969	POINT(819.020996 7339.969727)
1	366105.8018189999856986	3952898447.4800000190734863	205972	POINT(823.968018 7340.32959)
1	366105.8018189999856986	3952898447.4800000190734863	205975	POINT(815.81897 7340.489746)
1	366105.8018189999856986	3952898447.4800000190734863	205976	POINT(815.710999 7340.529785)
1	366105.8018189999856986	3952898447.4800000190734863	205978	POINT(814.072021 7340.780273)
1	366105.8018189999856986	3952898447.4800000190734863	205979	POINT(816.34198 7340.790039)
1	366105.8018189999856986	3952898447.4800000190734863	205980	POINT(816.607971 7340.799805)
1	366105.8018189999856986	3952898447.4800000190734863	205984	POINT(817.075012 7340.899902)
1	366105.8018189999856986	3952898447.4800000190734863	205985	POINT(817.322021 7341.029785)
1	366105.8018189999856986	3952898447.4800000190734863	205986	POINT(817.531006 7341.149902)
1	366105.8018189999856986	3952898447.4800000190734863	206002	POINT(823.149963 7341.790039)
1	366105.8018189999856986	3952898447.4800000190734863	206020	POINT(818.151978 7342.260254)
1	366105.8018189999856986	3952898447.4800000190734863	206025	POINT(824.230042 7342.409668)
1	366105.8018189999856986	3952898447.4800000190734863	206029	POINT(824.180969 7342.5)
1	366105.8018189999856986	3952898447.4800000190734863	206033	POINT(817.967041 7342.529785)
1	366105.8018189999856986	3952898447.4800000190734863	206057	POINT(830.088989 7343.82959)
1	366105.8018189999856986	3952898447.4800000190734863	206059	POINT(830.005981 7343.859863)
1	366105.8018189999856986	3952898447.4800000190734863	206060	POINT(829.736023 7343.97998)
1	366105.8018189999856986	3952898447.4800000190734863	206069	POINT(829.144958 7344.30957)
1	366105.8018189999856986	3952898447.4800000190734863	206083	POINT(836.085999 7345.959961)
1	366105.8018189999856986	3952898447.4800000190734863	206086	POINT(829.562012 7346.319824)
1	366105.8018189999856986	3952898447.4800000190734863	206243	POINT(819.29303 7356.399902)
1	366105.8018189999856986	3952898447.4800000190734863	206253	POINT(823.933044 7357.02002)
1	366105.8018189999856986	3952898447.4800000190734863	206254	POINT(823.645935 7357.359863)
1	366105.8018189999856986	3952898447.4800000190734863	206256	POINT(823.518005 7357.529785)
1	366105.8018189999856986	3952898447.4800000190734863	206274	POINT(821.903015 7359.680176)
1	366105.8018189999856986	3952898447.4800000190734863	206283	POINT(820.780029 7361.439941)
1	366105.8018189999856986	3952898447.4800000190734863	206338	POINT(817.242004 7367.790039)
1	366105.8018189999856986	3952898447.4800000190734863	207911	POINT(825.804993 7291.459961)
1	366105.8018189999856986	3952898447.4800000190734863	208006	POINT(818.707031 7300.30957)
1	366105.8018189999856986	3952898447.4800000190734863	208221	POINT(819.141968 7300.069824)
1	366105.8018189999856986	3952898447.4800000190734863	208387	POINT(829.440979 7292)
1	366105.8018189999856986	3952898447.4800000190734863	208405	POINT(822.231018 7298.02002)
